Cod. Loc.;Divisões Territoriais;2010
520005;Abadia de Goiás;73,9
520010;Abadiânia;68,4
520013;Acreúna;87,3
520015;Adelândia;89,1
520017;Água Fria de Goiás;42
520020;Água Limpa;70,8
520025;Águas Lindas de Goiás;99,8
520030;Alexânia;82,6
520050;Aloândia;86,3
520055;Alto Horizonte;85,7
520060;Alto Paraíso de Goiás;75,8
520080;Alvorada do Norte;85
520082;Amaralina;32,1
520085;Americano do Brasil;85,7
520090;Amorinópolis;60,2
520110;Anápolis;98,2
520120;Anhanguera;93,6
520130;Anicuns;85,5
520140;Aparecida de Goiânia;99,9
520145;Aparecida do Rio Doce;80,3
520150;Aporé;66,8
520160;Araçu;88,3
520170;Aragarças;96,2
520180;Aragoiânia;66,1
520215;Araguapaz;69,2
520235;Arenópolis;58,6
520250;Aruanã;82,4
520260;Aurilândia;76,7
520280;Avelinópolis;76,6
520310;Baliza;29,5
520320;Barro Alto;71,7
520330;Bela Vista de Goiás;73,1
520340;Bom Jardim de Goiás;75,4
520350;Bom Jesus de Goiás;92,9
520355;Bonfinópolis;93,2
520357;Bonópolis;37,1
520360;Brazabrantes;67,1
520380;Britânia;82,5
520390;Buriti Alegre;92,9
520393;Buriti de Goiás;67,8
520396;Buritinópolis;56,8
520400;Cabeceiras;74,9
520410;Cachoeira Alta;79,4
520420;Cachoeira de Goiás;82,6
520425;Cachoeira Dourada;64,9
520430;Caçu;80,8
520440;Caiapônia;73,2
520450;Caldas Novas;96,1
520455;Caldazinha;57,7
520460;Campestre de Goiás;70,2
520465;Campinaçu;59,4
520470;Campinorte;81
520480;Campo Alegre de Goiás;73,9
520485;Campo Limpo de Goiás;84,7
520490;Campos Belos;88
520495;Campos Verdes;89,2
520500;Carmo do Rio Verde;79
520505;Castelândia;91,9
520510;Catalão;93,6
520520;Caturaí;78,2
520530;Cavalcante;50,5
520540;Ceres;95,5
520545;Cezarina;74,2
520547;Chapadão do Céu;84
520549;Cidade Ocidental;78,1
520551;Cocalzinho de Goiás;37
520552;Colinas do Sul;71,7
520570;Córrego do Ouro;62
520580;Corumbá de Goiás;61,9
520590;Corumbaíba;77,1
520620;Cristalina;82,5
520630;Cristianópolis;84,3
520640;Crixás;78,2
520650;Cromínia;75,2
520660;Cumari;81,6
520670;Damianópolis;56,3
520680;Damolândia;79,4
520690;Davinópolis;68,1
520710;Diorama;60,8
520725;Doverlândia;62,3
520735;Edealina;68,8
520740;Edéia;84,7
520750;Estrela do Norte;88,3
520753;Faina;55,1
520760;Fazenda Nova;64,5
520780;Firminópolis;75,8
520790;Flores de Goiás;26,3
520800;Formosa;91,9
520810;Formoso;73,9
520815;Gameleira de Goiás;33,4
520830;Divinópolis de Goiás;70,4
520840;Goianápolis;90,6
520850;Goiandira;86,2
520860;Goianésia;93,5
520870;Goiânia;99,6
520880;Goianira;98,2
520890;Goiás;75,4
520910;Goiatuba;92,1
520915;Gouvelândia;78,7
520920;Guapó;81,1
520929;Guaraíta;60,7
520940;Guarani de Goiás;41,4
520945;Guarinos;49,2
520960;Heitoraí;74,1
520970;Hidrolândia;60,2
520980;Hidrolina;74
520990;Iaciara;74,8
520993;Inaciolândia;84,5
520995;Indiara;83,6
521000;Inhumas;93,5
521010;Ipameri;86,3
521015;Ipiranga de Goiás;44,7
521020;Iporá;91,3
521030;Israelândia;77,9
521040;Itaberaí;84,2
521056;Itaguari;87,9
521060;Itaguaru;83,2
521080;Itajá;73,9
521090;Itapaci;90,3
521100;Itapirapuã;70,7
521120;Itapuranga;81,3
521130;Itarumã;64,7
521140;Itauçu;75,3
521150;Itumbiara;95,8
521160;Ivolândia;57,6
521170;Jandaia;67,4
521180;Jaraguá;84,4
521190;Jataí;92,1
521200;Jaupaci;78,6
521205;Jesúpolis;79,7
521210;Joviânia;90,9
521220;Jussara;79,4
521225;Lagoa Santa;61,9
521230;Leopoldo de Bulhões;61,4
521250;Luziânia;93,3
521260;Mairipotaba;66,1
521270;Mambaí;69,9
521280;Mara Rosa;74,8
521290;Marzagão;87,1
521295;Matrinchã;67,9
521300;Maurilândia;96,5
521305;Mimoso de Goiás;46,3
521308;Minaçu;85,2
521310;Mineiros;91,2
521340;Moiporá;64,3
521350;Monte Alegre de Goiás;40,9
521370;Montes Claros de Goiás;66,7
521375;Montividiu;81,2
521377;Montividiu do Norte;32,7
521380;Morrinhos;86,7
521385;Morro Agudo de Goiás;70
521390;Mossâmedes;65,4
521400;Mozarlândia;90,7
521405;Mundo Novo;58,5
521410;Mutunópolis;66
521440;Nazário;78,6
521450;Nerópolis;95,9
521460;Niquelândia;78,7
521470;Nova América;72,9
521480;Nova Aurora;90,8
521483;Nova Crixás;64,8
521486;Nova Glória;67,3
521487;Nova Iguaçu de Goiás;71,6
521490;Nova Roma;41,1
521500;Nova Veneza;86,4
521520;Novo Brasil;64,6
521523;Novo Gama;98,9
521525;Novo Planalto;65,4
521530;Orizona;55,8
521540;Ouro Verde de Goiás;66,5
521550;Ouvidor;88
521560;Padre Bernardo;39
521565;Palestina de Goiás;64,7
521570;Palmeiras de Goiás;82,1
521580;Palmelo;94,9
521590;Palminópolis;75,9
521600;Panamá;75,9
521630;Paranaiguara;92,2
521640;Paraúna;73,5
521645;Perolândia;63
521680;Petrolina de Goiás;65
521690;Pilar de Goiás;43,3
521710;Piracanjuba;73,1
521720;Piranhas;80,5
521730;Pirenópolis;67,6
521740;Pires do Rio;94,2
521760;Planaltina;95
521770;Pontalina;81,2
521800;Porangatu;84,4
521805;Porteirão;87,5
521810;Portelândia;81
521830;Posse;76,2
521839;Professor Jamil;69,8
521850;Quirinópolis;89
521860;Rialma;93,1
521870;Rianápolis;89,4
521878;Rio Quente;85,7
521880;Rio Verde;92,7
521890;Rubiataba;85,6
521900;Sanclerlândia;80,4
521910;Santa Bárbara de Goiás;90,5
521920;Santa Cruz de Goiás;31,2
521925;Santa Fé de Goiás;80
521930;Santa Helena de Goiás;95,5
521935;Santa Isabel;37,1
521940;Santa Rita do Araguaia;89
521945;Santa Rita do Novo Destino;35,1
521950;Santa Rosa de Goiás;74,8
521960;Santa Tereza de Goiás;84
521970;Santa Terezinha de Goiás;75,4
521971;Santo Antônio da Barra;76,2
521973;Santo Antônio de Goiás;90,8
521975;Santo Antônio do Descoberto;89,8
521980;São Domingos;51,2
521990;São Francisco de Goiás;72,9
522000;São João d'Aliança;65,6
522005;São João da Paraúna;75,6
522010;São Luís de Montes Belos;88,5
522015;São Luíz do Norte;84,6
522020;São Miguel do Araguaia;79,3
522026;São Miguel do Passa Quatro;55,2
522028;São Patrício;58,8
522040;São Simão;95,4
522045;Senador Canedo;99,8
522050;Serranópolis;74
522060;Silvânia;66,4
522068;Simolândia;82,6
522070;Sítio d'Abadia;35,2
522100;Taquaral de Goiás;81,4
522108;Teresina de Goiás;70,8
522119;Terezópolis de Goiás;86,5
522130;Três Ranchos;88,3
522140;Trindade;95,8
522145;Trombas;63,6
522150;Turvânia;80,4
522155;Turvelândia;71,3
522157;Uirapuru;49,9
522160;Uruaçu;91,5
522170;Uruana;81,2
522180;Urutaí;70,3
522185;Valparaíso de Goiás;100
522190;Varjão;61,3
522200;Vianópolis;73,1
522205;Vicentinópolis;85,8
522220;Vila Boa;74
522230;Vila Propício;29,2
