Cod. Loc.;Divisões Territoriais;2010
250010;Água Branca;43
250020;Aguiar;48,8
250030;Alagoa Grande;61,6
250040;Alagoa Nova;49,8
250050;Alagoinha;66,5
250053;Alcantil;39,4
250057;Algodão de Jandaíra;52
250060;Alhandra;61,9
250070;São João do Rio do Peixe;37,8
250073;Amparo;50,9
250077;Aparecida;47,4
250080;Araçagi;39,5
250090;Arara;70,5
250100;Araruna;49,4
250110;Areia;61,3
250115;Areia de Baraúnas;52,8
250120;Areial;71,1
250130;Aroeiras;49,9
250135;Assunção;80,8
250140;Baía da Traição;38,6
250150;Bananeiras;39,7
250153;Baraúna;75,5
250157;Barra de Santana;8,9
250160;Barra de Santa Rosa;56,2
250170;Barra de São Miguel;42,1
250180;Bayeux;99,1
250190;Belém;83
250200;Belém do Brejo do Cruz;73,6
250205;Bernardino Batista;27,9
250210;Boa Ventura;61,2
250215;Boa Vista;51,5
250220;Bom Jesus;41,2
250230;Bom Sucesso;40,3
250240;Bonito de Santa Fé;68,5
250250;Boqueirão;71,1
250260;Igaracy;66,9
250270;Borborema;73
250280;Brejo do Cruz;75,4
250290;Brejo dos Santos;74,8
250300;Caaporã;86,2
250310;Cabaceiras;44
250320;Cabedelo;100
250330;Cachoeira dos Índios;35,6
250340;Cacimba de Areia;47,1
250350;Cacimba de Dentro;54,7
250355;Cacimbas;24,1
250360;Caiçara;71,9
250370;Cajazeiras;81,3
250375;Cajazeirinhas;33
250380;Caldas Brandão;57,2
250390;Camalaú;50,2
250400;Campina Grande;95,3
250403;Capim;73,3
250407;Caraúbas;38,9
250410;Carrapateira;72
250415;Casserengue;49
250420;Catingueira;59,9
250430;Catolé do Rocha;74,1
250435;Caturité;22,5
250440;Conceição;62,3
250450;Condado;69,3
250460;Conde;67,7
250470;Congo;62,8
250480;Coremas;75,4
250485;Coxixola;44,2
250490;Cruz do Espírito Santo;45,8
250500;Cubati;69,5
250510;Cuité;67,4
250520;Cuitegi;81,4
250523;Cuité de Mamanguape;33,4
250527;Curral de Cima;9,1
250530;Curral Velho;56,3
250535;Damião;46,5
250540;Desterro;61,2
250550;Vista Serrana;45,2
250560;Diamante;57,7
250570;Dona Inês;44,3
250580;Duas Estradas;78
250590;Emas;64,3
250600;Esperança;69,6
250610;Fagundes;47,9
250620;Frei Martinho;61,6
250625;Gado Bravo;10,8
250630;Guarabira;88,5
250640;Gurinhém;41,8
250650;Gurjão;67,4
250660;Ibiara;61,1
250670;Imaculada;44,6
250680;Ingá;63,8
250690;Itabaiana;80,6
250700;Itaporanga;76
250710;Itapororoca;63,9
250720;Itatuba;58,4
250730;Jacaraú;57,6
250740;Jericó;62,7
250750;João Pessoa;99,6
250760;Juarez Távora;78,5
250770;Juazeirinho;54,4
250780;Junco do Seridó;65,8
250790;Juripiranga;93,6
250800;Juru;44,4
250810;Lagoa;49,2
250820;Lagoa de Dentro;53,9
250830;Lagoa Seca;40,8
250840;Lastro;47
250850;Livramento;52,4
250855;Logradouro;43,7
250860;Lucena;86,5
250870;Mãe d'Água;39
250880;Malta;87,4
250890;Mamanguape;80,9
250900;Manaíra;56
250905;Marcação;37,4
250910;Mari;82,4
250915;Marizópolis;86,8
250920;Massaranduba;34,8
250930;Mataraca;88,4
250933;Matinhas;15,8
250937;Mato Grosso;44,4
250939;Maturéia;64,9
250940;Mogeiro;44,7
250950;Montadas;63,2
250960;Monte Horebe;55,5
250970;Monteiro;65,7
250980;Mulungu;47,9
250990;Natuba;34,4
251000;Nazarezinho;43,7
251010;Nova Floresta;74,9
251020;Nova Olinda;53,2
251030;Nova Palmeira;58,5
251040;Olho d'Água;55,8
251050;Olivedos;52,4
251060;Ouro Velho;69,9
251065;Parari;55,7
251070;Passagem;49,7
251080;Patos;96,6
251090;Paulista;48,5
251100;Pedra Branca;63,6
251110;Pedra Lavrada;41,1
251120;Pedras de Fogo;60,5
251130;Piancó;72,9
251140;Picuí;66,5
251150;Pilar;68,6
251160;Pilões;47,8
251170;Pilõezinhos;53,3
251180;Pirpirituba;76,4
251190;Pitimbu;61,2
251200;Pocinhos;56,5
251203;Poço Dantas;26
251207;Poço de José de Moura;35,8
251210;Pombal;80,2
251220;Prata;63,4
251230;Princesa Isabel;68,3
251240;Puxinanã;32,6
251250;Queimadas;54,2
251260;Quixabá;37,3
251270;Remígio;73,7
251272;Pedro Régis;37,3
251274;Riachão;62
251275;Riachão do Bacamarte;62,5
251276;Riachão do Poço;30,9
251278;Riacho de Santo Antônio;68,9
251280;Riacho dos Cavalos;48,4
251290;Rio Tinto;56,8
251300;Salgadinho;34,3
251310;Salgado de São Félix;43,8
251315;Santa Cecília;28,1
251320;Santa Cruz;46,2
251330;Santa Helena;50,3
251335;Santa Inês;40,4
251340;Santa Luzia;91,6
251350;Santana de Mangueira;41,8
251360;Santana dos Garrotes;51,4
251365;Joca Claudino;32,1
251370;Santa Rita;86,2
251380;Santa Teresinha;48,2
251385;Santo André;32,8
251390;São Bento;81,1
251392;São Bentinho;68,8
251394;São Domingos do Cariri;42,7
251396;São Domingos de Pombal;34,8
251398;São Francisco;40,5
251400;São João do Cariri;54
251410;São João do Tigre;34,8
251420;São José da Lagoa Tapada;43,8
251430;São José de Caiana;45,4
251440;São José de Espinharas;34
251445;São José dos Ramos;43,1
251450;São José de Piranhas;56,6
251455;São José de Princesa;16,5
251460;São José do Bonfim;42,1
251465;São José do Brejo do Cruz;56,9
251470;São José do Sabugi;64,3
251480;São José dos Cordeiros;41,2
251490;São Mamede;76,5
251500;São Miguel de Taipu;44,5
251510;São Sebastião de Lagoa de Roça;42,2
251520;São Sebastião do Umbuzeiro;64,8
251530;Sapé;76,1
251540;São Vicente do Seridó;44,9
251550;Serra Branca;64,9
251560;Serra da Raiz;66,6
251570;Serra Grande;59,7
251580;Serra Redonda;51,2
251590;Serraria;55,6
251593;Sertãozinho;73,2
251597;Sobrado;12
251600;Solânea;72,4
251610;Soledade;74,5
251615;Sossêgo;49,9
251620;Sousa;78,8
251630;Sumé;76,2
251640;Tacima;42,6
251650;Taperoá;59,8
251660;Tavares;46,9
251670;Teixeira;68
251675;Tenório;59,5
251680;Triunfo;46,7
251690;Uiraúna;71
251700;Umbuzeiro;42,9
251710;Várzea;73,3
251720;Vieirópolis;19,7
251740;Zabelê;70,9
