Cod. Loc.;Divisões Territoriais;2010
410010;Abatiá;73,8
410020;Adrianópolis;32,3
410030;Agudos do Sul;34,1
410040;Almirante Tamandaré;95,8
410045;Altamira do Paraná;49,6
410050;Altônia;73,6
410060;Alto Paraná;82,1
410070;Alto Piquiri;82,3
410080;Alvorada do Sul;71,4
410090;Amaporã;79,6
410100;Ampére;76,6
410105;Anahy;73,3
410110;Andirá;93,9
410115;Ângulo;78,8
410120;Antonina;85
410130;Antônio Olinto;9,3
410140;Apucarana;94,4
410150;Arapongas;97,8
410160;Arapoti;84,2
410165;Arapuã;37,5
410170;Araruna;78,1
410180;Araucária;92,5
410185;Ariranha do Ivaí;36,9
410190;Assaí;83,1
410200;Assis Chateaubriand;87,9
410210;Astorga;91,3
410220;Atalaia;85,5
410230;Balsa Nova;60,8
410240;Bandeirantes;88,2
410250;Barbosa Ferraz;75,7
410260;Barracão;72
410270;Barra do Jacaré;67,9
410275;Bela Vista da Caroba;26,4
410280;Bela Vista do Paraíso;94,1
410290;Bituruna;62,3
410300;Boa Esperança;57,8
410302;Boa Esperança do Iguaçu;34,5
410304;Boa Ventura de São Roque;23,6
410305;Boa Vista da Aparecida;61,9
410310;Bocaiúva do Sul;46,7
410315;Bom Jesus do Sul;24,6
410320;Bom Sucesso;81,2
410322;Bom Sucesso do Sul;48
410330;Borrazópolis;73,7
410335;Braganey;59,6
410337;Brasilândia do Sul;67,9
410340;Cafeara;81,4
410345;Cafelândia;84,2
410347;Cafezal do Sul;77,5
410350;Califórnia;74,7
410360;Cambará;93,6
410370;Cambé;96,1
410380;Cambira;75,7
410390;Campina da Lagoa;81,6
410395;Campina do Simão;34,1
410400;Campina Grande do Sul;82,4
410405;Campo Bonito;58,5
410410;Campo do Tenente;58,9
410420;Campo Largo;83,8
410425;Campo Magro;78,7
410430;Campo Mourão;94,8
410440;Cândido de Abreu;28,5
410442;Candói;46,9
410445;Cantagalo;65,7
410450;Capanema;60,2
410460;Capitão Leônidas Marques;76,8
410465;Carambeí;72,6
410470;Carlópolis;68,2
410480;Cascavel;94,4
410490;Castro;73,4
410500;Catanduvas;52,4
410510;Centenário do Sul;83,4
410520;Cerro Azul;28,4
410530;Céu Azul;76
410540;Chopinzinho;63,6
410550;Cianorte;89
410560;Cidade Gaúcha;83
410570;Clevelândia;85,6
410580;Colombo;95,4
410590;Colorado;94
410600;Congonhinhas;58,4
410610;Conselheiro Mairinck;69,2
410620;Contenda;58,1
410630;Corbélia;85,7
410640;Cornélio Procópio;94,4
410645;Coronel Domingos Soares;24,2
410650;Coronel Vivida;71
410655;Corumbataí do Sul;53,1
410657;Cruzeiro do Iguaçu;61,3
410660;Cruzeiro do Oeste;86,5
410670;Cruzeiro do Sul;74,6
410680;Cruz Machado;33,6
410685;Cruzmaltina;47,5
410690;Curitiba;100
410700;Curiúva;68,8
410710;Diamante do Norte;82,5
410712;Diamante do Sul;40
410715;Diamante D'Oeste;50,9
410720;Dois Vizinhos;77,7
410725;Douradina;70,3
410730;Doutor Camargo;87,7
410740;Enéas Marques;34,8
410750;Engenheiro Beltrão;88,3
410752;Esperança Nova;38,2
410753;Entre Rios do Oeste;67,3
410754;Espigão Alto do Iguaçu;35,2
410755;Farol;58,1
410760;Faxinal;78,1
410765;Fazenda Rio Grande;93
410770;Fênix;83,2
410773;Fernandes Pinheiro;35,3
410775;Figueira;85,5
410780;Floraí;88,6
410785;Flor da Serra do Sul;34,8
410790;Floresta;92,2
410800;Florestópolis;94
410810;Flórida;91,3
410820;Formosa do Oeste;65,9
410830;Foz do Iguaçu;99,2
410832;Francisco Alves;66
410840;Francisco Beltrão;85,4
410845;Foz do Jordão;72,5
410850;General Carneiro;70
410855;Godoy Moreira;46,4
410860;Goioerê;87
410865;Goioxim;23,4
410870;Grandes Rios;53,9
410880;Guaíra;92
410890;Guairaçá;80
410895;Guamiranga;28,3
410900;Guapirama;74,5
410910;Guaporema;57,7
410920;Guaraci;80,4
410930;Guaraniaçu;53,5
410940;Guarapuava;91,4
410950;Guaraqueçaba;34,1
410960;Guaratuba;89,7
410965;Honório Serpa;33,4
410970;Ibaiti;80,4
410975;Ibema;81,5
410980;Ibiporã;95,2
410990;Icaraíma;70,6
411000;Iguaraçu;89,4
411005;Iguatu;64,4
411007;Imbaú;62,6
411010;Imbituva;62,9
411020;Inácio Martins;57,5
411030;Inajá;92,4
411040;Indianópolis;73,2
411050;Ipiranga;34,6
411060;Iporã;78,6
411065;Iracema do Oeste;77,7
411070;Irati;79,9
411080;Iretama;58,2
411090;Itaguajé;79,6
411095;Itaipulândia;52,5
411100;Itambaracá;75,2
411110;Itambé;94,9
411120;Itapejara d'Oeste;66,3
411125;Itaperuçu;83,5
411130;Itaúna do Sul;71,1
411140;Ivaí;36,1
411150;Ivaiporã;86,2
411155;Ivaté;69,6
411160;Ivatuba;76,2
411170;Jaboti;61,8
411180;Jacarezinho;88,9
411190;Jaguapitã;84,9
411200;Jaguariaíva;86
411210;Jandaia do Sul;90,4
411220;Janiópolis;61,8
411230;Japira;55,7
411240;Japurá;89,1
411250;Jardim Alegre;58,2
411260;Jardim Olinda;71
411270;Jataizinho;93,1
411275;Jesuítas;67,4
411280;Joaquim Távora;76,6
411290;Jundiaí do Sul;57,6
411295;Juranda;76,4
411300;Jussara;89,6
411310;Kaloré;71,4
411320;Lapa;60,6
411325;Laranjal;31,9
411330;Laranjeiras do Sul;81,3
411340;Leópolis;57,9
411342;Lidianópolis;51,5
411345;Lindoeste;44,5
411350;Loanda;90,9
411360;Lobato;93,3
411370;Londrina;97,4
411373;Luiziana;65
411375;Lunardelli;69,7
411380;Lupionópolis;88,8
411390;Mallet;58,4
411400;Mamborê;64,4
411410;Mandaguaçu;88,9
411420;Mandaguari;94,7
411430;Mandirituba;33,4
411435;Manfrinópolis;20,9
411440;Mangueirinha;49,2
411450;Manoel Ribas;51,7
411460;Marechal Cândido Rondon;83,6
411470;Maria Helena;67,1
411480;Marialva;80,7
411490;Marilândia do Sul;71,2
411500;Marilena;72,7
411510;Mariluz;82,8
411520;Maringá;98,2
411530;Mariópolis;71,3
411535;Maripá;57,4
411540;Marmeleiro;63,5
411545;Marquinho;10,5
411550;Marumbi;68,2
411560;Matelândia;72,2
411570;Matinhos;99,4
411573;Mato Rico;25,1
411575;Mauá da Serra;82
411580;Medianeira;89,4
411585;Mercedes;48,3
411590;Mirador;67,9
411600;Miraselva;76,8
411605;Missal;51,7
411610;Moreira Sales;78,8
411620;Morretes;45,7
411630;Munhoz de Melo;81
411640;Nossa Senhora das Graças;83
411650;Nova Aliança do Ivaí;72,7
411660;Nova América da Colina;72,6
411670;Nova Aurora;76,2
411680;Nova Cantu;55,3
411690;Nova Esperança;91,4
411695;Nova Esperança do Sudoeste;36,2
411700;Nova Fátima;81,1
411705;Nova Laranjeiras;21,1
411710;Nova Londrina;91,9
411720;Nova Olímpia;85,1
411721;Nova Santa Bárbara;83,9
411722;Nova Santa Rosa;69,7
411725;Nova Prata do Iguaçu;58,5
411727;Nova Tebas;39,1
411729;Novo Itacolomi;56,2
411730;Ortigueira;41
411740;Ourizona;90,1
411745;Ouro Verde do Oeste;71
411750;Paiçandu;98,6
411760;Palmas;92,8
411770;Palmeira;60,3
411780;Palmital;49,8
411790;Palotina;85,9
411800;Paraíso do Norte;94,3
411810;Paranacity;92,4
411820;Paranaguá;96,4
411830;Paranapoema;89,6
411840;Paranavaí;95,3
411845;Pato Bragado;62,1
411850;Pato Branco;94,1
411860;Paula Freitas;50,6
411870;Paulo Frontin;31,4
411880;Peabiru;80,8
411885;Perobal;54,5
411890;Pérola;79,1
411900;Pérola d'Oeste;47,1
411910;Piên;40,3
411915;Pinhais;100
411920;Pinhalão;63,1
411925;Pinhal de São Bento;44,4
411930;Pinhão;50,7
411940;Piraí do Sul;68,7
411950;Piraquara;49,1
411960;Pitanga;63,1
411965;Pitangueiras;72,5
411970;Planaltina do Paraná;67,7
411980;Planalto;44,4
411990;Ponta Grossa;97,8
411995;Pontal do Paraná;99,2
412000;Porecatu;80,6
412010;Porto Amazonas;65,3
412015;Porto Barreiro;18,9
412020;Porto Rico;69,7
412030;Porto Vitória;55,6
412033;Prado Ferreira;87,8
412035;Pranchita;64,1
412040;Presidente Castelo Branco;87,7
412050;Primeiro de Maio;93,1
412060;Prudentópolis;46
412065;Quarto Centenário;60
412070;Quatiguá;90,4
412080;Quatro Barras;90,4
412085;Quatro Pontes;64,1
412090;Quedas do Iguaçu;68,6
412100;Querência do Norte;65
412110;Quinta do Sol;74,9
412120;Quitandinha;28,6
412125;Ramilândia;49,4
412130;Rancho Alegre;87,7
412135;Rancho Alegre D'Oeste;80,9
412140;Realeza;72,2
412150;Rebouças;52,9
412160;Renascença;51,2
412170;Reserva;48,5
412175;Reserva do Iguaçu;53,4
412180;Ribeirão Claro;66,4
412190;Ribeirão do Pinhal;81,9
412200;Rio Azul;35,6
412210;Rio Bom;60,2
412215;Rio Bonito do Iguaçu;24,3
412217;Rio Branco do Ivaí;23,6
412220;Rio Branco do Sul;71,9
412230;Rio Negro;82,2
412240;Rolândia;94,6
412250;Roncador;61,7
412260;Rondon;80
412265;Rosário do Ivaí;48,7
412270;Sabáudia;83,6
412280;Salgado Filho;51,2
412290;Salto do Itararé;71,9
412300;Salto do Lontra;54,3
412310;Santa Amélia;75,9
412320;Santa Cecília do Pavão;83,8
412330;Santa Cruz de Monte Castelo;71,1
412340;Santa Fé;88,5
412350;Santa Helena;53,8
412360;Santa Inês;65,6
412370;Santa Isabel do Ivaí;80,6
412380;Santa Izabel do Oeste;56,5
412382;Santa Lúcia;64,6
412385;Santa Maria do Oeste;27,9
412390;Santa Mariana;66,9
412395;Santa Mônica;41,3
412400;Santana do Itararé;65,8
412402;Santa Tereza do Oeste;77,8
412405;Santa Terezinha de Itaipu;90,4
412410;Santo Antônio da Platina;86,5
412420;Santo Antônio do Caiuá;77,9
412430;Santo Antônio do Paraíso;75,7
412440;Santo Antônio do Sudoeste;72,6
412450;Santo Inácio;79,7
412460;São Carlos do Ivaí;89,4
412470;São Jerônimo da Serra;49,9
412480;São João;63,5
412490;São João do Caiuá;85,2
412500;São João do Ivaí;77
412510;São João do Triunfo;29,5
412520;São Jorge d'Oeste;57,4
412530;São Jorge do Ivaí;86,7
412535;São Jorge do Patrocínio;58,6
412540;São José da Boa Vista;59,3
412545;São José das Palmeiras;63
412550;São José dos Pinhais;89,7
412555;São Manoel do Paraná;55,2
412560;São Mateus do Sul;62,3
412570;São Miguel do Iguaçu;64
412575;São Pedro do Iguaçu;62,5
412580;São Pedro do Ivaí;79,1
412590;São Pedro do Paraná;65,5
412600;São Sebastião da Amoreira;88
412610;São Tomé;83,1
412620;Sapopema;52,7
412625;Sarandi;99,6
412627;Saudade do Iguaçu;49,8
412630;Sengés;82
412635;Serranópolis do Iguaçu;50,8
412640;Sertaneja;87,8
412650;Sertanópolis;87,7
412660;Siqueira Campos;72,7
412665;Sulina;41
412667;Tamarana;47,8
412670;Tamboara;85,7
412680;Tapejara;90,2
412690;Tapira;58,9
412700;Teixeira Soares;46,6
412710;Telêmaco Borba;98
412720;Terra Boa;82,7
412730;Terra Rica;81,3
412740;Terra Roxa;76,4
412750;Tibagi;60,3
412760;Tijucas do Sul;15,7
412770;Toledo;90,7
412780;Tomazina;46,9
412785;Três Barras do Paraná;51,5
412788;Tunas do Paraná;44,6
412790;Tuneiras do Oeste;68,7
412795;Tupãssi;78,6
412796;Turvo;36,6
412800;Ubiratã;85,3
412810;Umuarama;92,8
412820;União da Vitória;94,8
412830;Uniflor;80,6
412840;Uraí;81,6
412850;Wenceslau Braz;80,4
412853;Ventania;65,4
412855;Vera Cruz do Oeste;76,5
412860;Verê;41,6
412862;Alto Paraíso;55,3
412863;Doutor Ulysses;16,2
412865;Virmond;47,6
412870;Vitorino;61,2
412880;Xambrê;33,1
