Cod. Loc.;Divisões Territoriais;2010
420005;Abdon Batista;27,3
420010;Abelardo Luz;56
420020;Agrolândia;63,9
420030;Agronômica;37,9
420040;Água Doce;49,3
420050;Águas de Chapecó;53
420055;Águas Frias;40,5
420060;Águas Mornas;41,9
420070;Alfredo Wagner;30,5
420075;Alto Bela Vista;30,2
420080;Anchieta;40,5
420090;Angelina;21,4
420100;Anita Garibaldi;52,8
420110;Anitápolis;40,9
420120;Antônio Carlos;31,4
420125;Apiúna;44,7
420127;Arabutã;31,2
420130;Araquari;94,1
420140;Araranguá;82,4
420150;Armazém;63
420160;Arroio Trinta;68,4
420165;Arvoredo;22,2
420170;Ascurra;87,1
420180;Atalanta;41,5
420190;Aurora;34,8
420195;Balneário Arroio do Silva;98
420200;Balneário Camboriú;100
420205;Balneário Barra do Sul;95,3
420207;Balneário Gaivota;77,3
420208;Bandeirante;32
420209;Barra Bonita;14,9
420210;Barra Velha;95,2
420213;Bela Vista do Toldo;14,1
420215;Belmonte;48,3
420220;Benedito Novo;56,2
420230;Biguaçu;90,6
420240;Blumenau;95,4
420243;Bocaina do Sul;29,4
420245;Bombinhas;100
420250;Bom Jardim da Serra;54,5
420253;Bom Jesus;59,2
420257;Bom Jesus do Oeste;30,3
420260;Bom Retiro;71,8
420270;Botuverá;29,3
420280;Braço do Norte;80,6
420285;Braço do Trombudo;54,9
420287;Brunópolis;24,7
420290;Brusque;96,7
420300;Caçador;91,1
420310;Caibi;57,5
420315;Calmon;62,4
420320;Camboriú;95
420325;Capão Alto;34,9
420330;Campo Alegre;61,6
420340;Campo Belo do Sul;58,9
420350;Campo Erê;66,7
420360;Campos Novos;82,5
420370;Canelinha;63,4
420380;Canoinhas;74,4
420390;Capinzal;85,5
420395;Capivari de Baixo;91,4
420400;Catanduvas;84,7
420410;Caxambu do Sul;48,9
420415;Celso Ramos;31,5
420417;Cerro Negro;21,3
420419;Chapadão do Lageado;18,6
420420;Chapecó;91,6
420425;Cocal do Sul;83,8
420430;Concórdia;80
420435;Cordilheira Alta;38,4
420440;Coronel Freitas;59,4
420445;Coronel Martins;27,9
420450;Corupá;77
420455;Correia Pinto;81,3
420460;Criciúma;98,6
420470;Cunha Porã;61,4
420475;Cunhataí;30,2
420480;Curitibanos;92,1
420490;Descanso;49,8
420500;Dionísio Cerqueira;68,8
420510;Dona Emma;50,2
420515;Doutor Pedrinho;56
420517;Entre Rios;30,7
420519;Ermo;30,2
420520;Erval Velho;65,3
420530;Faxinal dos Guedes;72,4
420535;Flor do Sertão;20,7
420540;Florianópolis;96,2
420543;Formosa do Sul;41,7
420545;Forquilhinha;81,7
420550;Fraiburgo;87,7
420555;Frei Rogério;28,5
420560;Galvão;67,6
420570;Garopaba;84,5
420580;Garuva;77,6
420590;Gaspar;81,3
420600;Governador Celso Ramos;94,3
420610;Grão Pará;48,5
420620;Gravatal;41,8
420630;Guabiruba;92,6
420640;Guaraciaba;46,9
420650;Guaramirim;79,7
420660;Guarujá do Sul;54,1
420665;Guatambú;37,4
420670;Herval d'Oeste;88,8
420675;Ibiam;35,7
420680;Ibicaré;46,2
420690;Ibirama;85,5
420700;Içara;91,6
420710;Ilhota;63,9
420720;Imaruí;34,3
420730;Imbituba;100
420740;Imbuia;44,1
420750;Indaial;96,5
420757;Iomerê;33,1
420760;Ipira;53,1
420765;Iporã do Oeste;49
420768;Ipuaçu;20,3
420770;Ipumirim;43,6
420775;Iraceminha;34,5
420780;Irani;68,4
420785;Irati;21,4
420790;Irineópolis;33,7
420800;Itá;63,1
420810;Itaiópolis;52,9
420820;Itajaí;94,6
420830;Itapema;97,5
420840;Itapiranga;49,4
420845;Itapoá;96
420850;Ituporanga;66,7
420860;Jaborá;39,7
420870;Jacinto Machado;48,4
420880;Jaguaruna;76,3
420890;Jaraguá do Sul;92,8
420895;Jardinópolis;45,2
420900;Joaçaba;92,2
420910;Joinville;96,6
420915;José Boiteux;34,1
420917;Jupiá;48,6
420920;Lacerdópolis;52,8
420930;Lages;98,2
420940;Laguna;78,8
420945;Lajeado Grande;43,5
420950;Laurentino;72,9
420960;Lauro Muller;77,3
420970;Lebon Régis;63,5
420980;Leoberto Leal;24,4
420985;Lindóia do Sul;41,6
420990;Lontras;68,5
421000;Luiz Alves;31,2
421003;Luzerna;76,1
421005;Macieira;27,4
421010;Mafra;78,1
421020;Major Gercino;38,1
421030;Major Vieira;39,6
421040;Maracajá;66,5
421050;Maravilha;81,8
421055;Marema;34,5
421060;Massaranduba;51,8
421070;Matos Costa;51,6
421080;Meleiro;52,1
421085;Mirim Doce;47,8
421090;Modelo;66,6
421100;Mondaí;61,6
421105;Monte Carlo;86,7
421110;Monte Castelo;58,1
421120;Morro da Fumaça;86
421125;Morro Grande;26,2
421130;Navegantes;94,8
421140;Nova Erechim;75,1
421145;Nova Itaberaba;35,9
421150;Nova Trento;74,9
421160;Nova Veneza;67,1
421165;Novo Horizonte;33,5
421170;Orleans;75,2
421175;Otacílio Costa;91,1
421180;Ouro;65,7
421185;Ouro Verde;31,5
421187;Paial;19,1
421189;Painel;40,2
421190;Palhoça;98,5
421200;Palma Sola;57,5
421205;Palmeira;39
421210;Palmitos;61,6
421220;Papanduva;51,2
421223;Paraíso;35,6
421225;Passo de Torres;88,7
421227;Passos Maia;24,8
421230;Paulo Lopes;72
421240;Pedras Grandes;30,7
421250;Penha;91,7
421260;Peritiba;49,6
421270;Petrolândia;36,3
421280;Balneário Piçarras;90,8
421290;Pinhalzinho;83,4
421300;Pinheiro Preto;54
421310;Piratuba;59,7
421315;Planalto Alegre;40,2
421320;Pomerode;85,8
421330;Ponte Alta;73,1
421335;Ponte Alta do Norte;91
421340;Ponte Serrada;69,1
421350;Porto Belo;94,3
421360;Porto União;84,4
421370;Pouso Redondo;60,9
421380;Praia Grande;59,1
421390;Presidente Castello Branco;32,1
421400;Presidente Getúlio;70,8
421410;Presidente Nereu;35,4
421415;Princesa;36,4
421420;Quilombo;56,1
421430;Rancho Queimado;46,9
421440;Rio das Antas;44,6
421450;Rio do Campo;42,5
421460;Rio do Oeste;47,8
421470;Rio dos Cedros;49,7
421480;Rio do Sul;92,8
421490;Rio Fortuna;34,3
421500;Rio Negrinho;91,2
421505;Rio Rufino;28,2
421507;Riqueza;44,5
421510;Rodeio;86,3
421520;Romelândia;36,2
421530;Salete;67,7
421535;Saltinho;31,7
421540;Salto Veloso;79,1
421545;Sangão;46,7
421550;Santa Cecília;86,7
421555;Santa Helena;37
421560;Santa Rosa de Lima;25,1
421565;Santa Rosa do Sul;46,5
421567;Santa Terezinha;17,3
421568;Santa Terezinha do Progresso;18,6
421569;Santiago do Sul;44,4
421570;Santo Amaro da Imperatriz;75,5
421575;São Bernardino;26,9
421580;São Bento do Sul;95,2
421590;São Bonifácio;22,8
421600;São Carlos;67,1
421605;São Cristovão do Sul;75,8
421610;São Domingos;66,5
421620;São Francisco do Sul;92,9
421625;São João do Oeste;35,1
421630;São João Batista;89,7
421635;São João do Itaperiú;56
421640;São João do Sul;22,5
421650;São Joaquim;70,8
421660;São José;98,8
421670;São José do Cedro;61,7
421680;São José do Cerrito;26,9
421690;São Lourenço do Oeste;77,5
421700;São Ludgero;89,7
421710;São Martinho;38,4
421715;São Miguel da Boa Vista;23,1
421720;São Miguel do Oeste;88,3
421725;São Pedro de Alcântara;80,1
421730;Saudades;56,8
421740;Schroeder;89,5
421750;Seara;68,4
421755;Serra Alta;55,9
421760;Siderópolis;77,3
421770;Sombrio;73,8
421775;Sul Brasil;36,6
421780;Taió;57,7
421790;Tangará;57,5
421795;Tigrinhos;19,5
421800;Tijucas;84
421810;Timbé do Sul;34,8
421820;Timbó;93,3
421825;Timbó Grande;57
421830;Três Barras;84,8
421835;Treviso;52
421840;Treze de Maio;49,5
421850;Treze Tílias;74,4
421860;Trombudo Central;62,6
421870;Tubarão;90,6
421875;Tunápolis;30,6
421880;Turvo;66,8
421885;União do Oeste;38
421890;Urubici;66
421895;Urupema;49,6
421900;Urussanga;56,4
421910;Vargeão;51,5
421915;Vargem;31,9
421917;Vargem Bonita;55,9
421920;Vidal Ramos;28,5
421930;Videira;90,8
421935;Vitor Meireles;27,8
421940;Witmarsum;23,5
421950;Xanxerê;88,7
421960;Xavantina;27
421970;Xaxim;81,5
421985;Zortéa;78,1
