Cod. Loc.;Divisões Territoriais;2010
350010;Adamantina;94,5
350020;Adolfo;90
350030;Aguaí;90,2
350040;Águas da Prata;89,3
350050;Águas de Lindóia;99,1
350055;Águas de Santa Bárbara;76
350060;Águas de São Pedro;100
350070;Agudos;95,6
350075;Alambari;75,2
350080;Alfredo Marcondes;83,7
350090;Altair;79,2
350100;Altinópolis;87,4
350110;Alto Alegre;78,8
350115;Alumínio;83,9
350120;Álvares Florence;67,9
350130;Álvares Machado;90,1
350140;Álvaro de Carvalho;63,5
350150;Alvinlândia;89,8
350160;Americana;99,5
350170;Américo Brasiliense;99,2
350180;Américo de Campos;83,9
350190;Amparo;78,7
350200;Analândia;79,4
350210;Andradina;93,3
350220;Angatuba;71,8
350230;Anhembi;75,6
350240;Anhumas;81,8
350250;Aparecida;98,5
350260;Aparecida d'Oeste;81,9
350270;Apiaí;72,3
350275;Araçariguama;100
350280;Araçatuba;98,1
350290;Araçoiaba da Serra;68,7
350300;Aramina;93,5
350310;Arandu;75,4
350315;Arapeí;75,2
350320;Araraquara;97,2
350330;Araras;94,6
350335;Arco-Íris;57
350340;Arealva;78,8
350350;Areias;67
350360;Areiópolis;88,9
350370;Ariranha;94,7
350380;Artur Nogueira;90,5
350390;Arujá;96
350395;Aspásia;69,5
350400;Assis;95,6
350410;Atibaia;91
350420;Auriflama;91,2
350430;Avaí;67,2
350440;Avanhandava;84,6
350450;Avaré;95,7
350460;Bady Bassitt;93,5
350470;Balbinos;32,2
350480;Bálsamo;91,6
350490;Bananal;79,8
350500;Barão de Antonina;61,4
350510;Barbosa;84,6
350520;Bariri;94,9
350530;Barra Bonita;97,9
350535;Barra do Chapéu;29,4
350540;Barra do Turvo;41,1
350550;Barretos;97
350560;Barrinha;98,9
350570;Barueri;100
350580;Bastos;86,1
350590;Batatais;88,4
350600;Bauru;98,3
350610;Bebedouro;95,3
350620;Bento de Abreu;91,4
350630;Bernardino de Campos;89,6
350635;Bertioga;98,4
350640;Bilac;92
350650;Birigui;97
350660;Biritiba-Mirim;85,8
350670;Boa Esperança do Sul;89,3
350680;Bocaina;92,1
350690;Bofete;63,8
350700;Boituva;94,1
350710;Bom Jesus dos Perdões;88,2
350715;Bom Sucesso de Itararé;68
350720;Borá;77,9
350730;Boracéia;89,7
350740;Borborema;90,1
350745;Borebi;87,2
350750;Botucatu;96,4
350760;Bragança Paulista;96,9
350770;Braúna;87,4
350775;Brejo Alegre;82
350780;Brodowski;97,6
350790;Brotas;86,2
350800;Buri;80,8
350810;Buritama;94,2
350820;Buritizal;81,6
350830;Cabrália Paulista;86,5
350840;Cabreúva;84,8
350850;Caçapava;85,6
350860;Cachoeira Paulista;81,7
350870;Caconde;68,2
350880;Cafelândia;86,9
350890;Caiabu;81,4
350900;Caieiras;97,5
350910;Caiuá;38,3
350920;Cajamar;98
350925;Cajati;73
350930;Cajobi;93,5
350940;Cajuru;89
350945;Campina do Monte Alegre;84,6
350950;Campinas;98,3
350960;Campo Limpo Paulista;100
350970;Campos do Jordão;99,5
350980;Campos Novos Paulista;77,7
350990;Cananéia;85,4
350995;Canas;92,8
351000;Cândido Mota;94
351010;Cândido Rodrigues;80,7
351015;Canitar;94,7
351020;Capão Bonito;81,9
351030;Capela do Alto;82,8
351040;Capivari;94,5
351050;Caraguatatuba;95,8
351060;Carapicuíba;100
351070;Cardoso;90,9
351080;Casa Branca;81,8
351090;Cássia dos Coqueiros;68,1
351100;Castilho;75,5
351110;Catanduva;99,2
351120;Catiguá;92,2
351130;Cedral;79,1
351140;Cerqueira César;89,6
351150;Cerquilho;94,8
351160;Cesário Lange;67,5
351170;Charqueada;90,7
351190;Clementina;95,3
351200;Colina;93,4
351210;Colômbia;72,3
351220;Conchal;94,5
351230;Conchas;81
351240;Cordeirópolis;89,8
351250;Coroados;81
351260;Coronel Macedo;77,3
351270;Corumbataí;54
351280;Cosmópolis;92,9
351290;Cosmorama;68,5
351300;Cotia;100
351310;Cravinhos;97,5
351320;Cristais Paulista;72,9
351330;Cruzália;66,4
351340;Cruzeiro;97,5
351350;Cubatão;100
351360;Cunha;55,6
351370;Descalvado;89,2
351380;Diadema;100
351385;Dirce Reis;75,7
351390;Divinolândia;66,9
351400;Dobrada;97,8
351410;Dois Córregos;94,7
351420;Dolcinópolis;93
351430;Dourado;91,4
351440;Dracena;92,3
351450;Duartina;89,8
351460;Dumont;96,5
351470;Echaporã;79,6
351480;Eldorado;49,2
351490;Elias Fausto;79,6
351492;Elisiário;91,6
351495;Embaúba;85
351500;Embu;100
351510;Embu-Guaçu;97,3
351512;Emilianópolis;82,7
351515;Engenheiro Coelho;73,1
351518;Espírito Santo do Pinhal;88,9
351519;Espírito Santo do Turvo;85,5
351520;Estrela d'Oeste;83,2
351530;Estrela do Norte;79
351535;Euclides da Cunha Paulista;63,8
351540;Fartura;79,9
351550;Fernandópolis;96,9
351560;Fernando Prestes;84,9
351565;Fernão;54,4
351570;Ferraz de Vasconcelos;95,5
351580;Flora Rica;80,9
351590;Floreal;81,2
351600;Flórida Paulista;78,9
351610;Florínia;88,8
351620;Franca;98,2
351630;Francisco Morato;99,8
351640;Franco da Rocha;92,1
351650;Gabriel Monteiro;83,3
351660;Gália;74,5
351670;Garça;90,9
351680;Gastão Vidigal;89,6
351685;Gavião Peixoto;80,9
351690;General Salgado;85,1
351700;Getulina;77,4
351710;Glicério;73,6
351720;Guaiçara;90,9
351730;Guaimbê;87,4
351740;Guaíra;96,4
351750;Guapiaçu;88,4
351760;Guapiara;40,2
351770;Guará;96,8
351780;Guaraçaí;78,9
351790;Guaraci;89,5
351800;Guarani d'Oeste;88,1
351810;Guarantã;85,3
351820;Guararapes;92,6
351830;Guararema;86,1
351840;Guaratinguetá;95,3
351850;Guareí;57,8
351860;Guariba;97,9
351870;Guarujá;100
351880;Guarulhos;100
351885;Guatapará;73,4
351890;Guzolândia;84,6
351900;Herculândia;91,1
351905;Holambra;72,4
351907;Hortolândia;100
351910;Iacanga;87,1
351920;Iacri;78,7
351925;Iaras;44,5
351930;Ibaté;96
351940;Ibirá;92,2
351950;Ibirarema;92,4
351960;Ibitinga;96
351970;Ibiúna;35
351980;Icém;85,8
351990;Iepê;88,8
352000;Igaraçu do Tietê;99,5
352010;Igarapava;94,3
352020;Igaratá;79,3
352030;Iguape;85,6
352040;Ilhabela;99,3
352042;Ilha Comprida;100
352044;Ilha Solteira;93,8
352050;Indaiatuba;99
352060;Indiana;85,5
352070;Indiaporã;86,6
352080;Inúbia Paulista;87,5
352090;Ipaussu;94,2
352100;Iperó;61,7
352110;Ipeúna;86,1
352115;Ipiguá;60,4
352120;Iporanga;55,9
352130;Ipuã;95,9
352140;Iracemápolis;97,9
352150;Irapuã;89,2
352160;Irapuru;70,7
352170;Itaberá;68
352180;Itaí;78,5
352190;Itajobi;83,4
352200;Itaju;72,7
352210;Itanhaém;99,1
352215;Itaóca;54,5
352220;Itapecerica da Serra;99,2
352230;Itapetininga;90,8
352240;Itapeva;84,3
352250;Itapevi;100
352260;Itapira;92,8
352265;Itapirapuã Paulista;48,8
352270;Itápolis;90,7
352280;Itaporanga;75,8
352290;Itapuí;95,5
352300;Itapura;79,9
352310;Itaquaquecetuba;100
352320;Itararé;92,4
352330;Itariri;63,9
352340;Itatiba;84,4
352350;Itatinga;91
352360;Itirapina;90,2
352370;Itirapuã;83,3
352380;Itobi;90,1
352390;Itu;93,6
352400;Itupeva;86,8
352410;Ituverava;94,1
352420;Jaborandi;93,5
352430;Jaboticabal;97
352440;Jacareí;98,6
352450;Jaci;86,1
352460;Jacupiranga;54,4
352470;Jaguariúna;97,1
352480;Jales;94,1
352490;Jambeiro;47,9
352500;Jandira;100
352510;Jardinópolis;96
352520;Jarinu;77,3
352530;Jaú;96,9
352540;Jeriquara;82,5
352550;Joanópolis;100
352560;João Ramalho;85,4
352570;José Bonifácio;90,6
352580;Júlio Mesquita;95,1
352585;Jumirim;58
352590;Jundiaí;95,7
352600;Junqueirópolis;82,2
352610;Juquiá;63,1
352620;Juquitiba;77,4
352630;Lagoinha;64,8
352640;Laranjal Paulista;89,5
352650;Lavínia;48,8
352660;Lavrinhas;91,8
352670;Leme;97,9
352680;Lençóis Paulista;97,8
352690;Limeira;97
352700;Lindóia;100
352710;Lins;98,8
352720;Lorena;97,1
352725;Lourdes;82
352730;Louveira;96,1
352740;Lucélia;86,6
352750;Lucianópolis;79,1
352760;Luís Antônio;96,6
352770;Luiziânia;91,7
352780;Lupércio;88,8
352790;Lutécia;79,5
352800;Macatuba;97
352810;Macaubal;88,4
352820;Macedônia;75,8
352830;Magda;83
352840;Mairinque;80,3
352850;Mairiporã;87,4
352860;Manduri;86,5
352870;Marabá Paulista;44,5
352880;Maracaí;90,6
352885;Marapoama;83,5
352890;Mariápolis;80,1
352900;Marília;95,5
352910;Marinópolis;79,1
352920;Martinópolis;84
352930;Matão;98,2
352940;Mauá;100
352950;Mendonça;81,7
352960;Meridiano;69,4
352965;Mesópolis;77,8
352970;Miguelópolis;94,2
352980;Mineiros do Tietê;95,5
352990;Miracatu;51,4
353000;Mira Estrela;66,7
353010;Mirandópolis;89
353020;Mirante do Paranapanema;58,9
353030;Mirassol;97,5
353040;Mirassolândia;81,3
353050;Mococa;92,2
353060;Mogi das Cruzes;92,1
353070;Mogi Guaçu;94,9
353080;Moji Mirim;93,6
353090;Mombuca;82,2
353100;Monções;86,1
353110;Mongaguá;99,7
353120;Monte Alegre do Sul;57,2
353130;Monte Alto;95,5
353140;Monte Aprazível;91,1
353150;Monte Azul Paulista;93,6
353160;Monte Castelo;79
353170;Monteiro Lobato;43,2
353180;Monte Mor;93,9
353190;Morro Agudo;95,8
353200;Morungaba;85,4
353205;Motuca;72,4
353210;Murutinga do Sul;61,5
353215;Nantes;89,8
353220;Narandiba;72,4
353230;Natividade da Serra;41,7
353240;Nazaré Paulista;84,8
353250;Neves Paulista;90,2
353260;Nhandeara;81
353270;Nipoã;88,8
353280;Nova Aliança;82,9
353282;Nova Campina;67,7
353284;Nova Canaã Paulista;41,6
353286;Nova Castilho;66,3
353290;Nova Europa;92,7
353300;Nova Granada;92,7
353310;Nova Guataporanga;86,8
353320;Nova Independência;79,7
353325;Novais;91
353330;Nova Luzitânia;89,7
353340;Nova Odessa;98,4
353350;Novo Horizonte;93
353360;Nuporanga;90,7
353370;Ocauçu;79,8
353380;Óleo;66
353390;Olímpia;94,4
353400;Onda Verde;78,3
353410;Oriente;93,4
353420;Orindiúva;92
353430;Orlândia;97,4
353440;Osasco;100
353450;Oscar Bressane;82,7
353460;Osvaldo Cruz;89,9
353470;Ourinhos;97,4
353475;Ouroeste;89,8
353480;Ouro Verde;92
353490;Pacaembu;73,7
353500;Palestina;83,1
353510;Palmares Paulista;97,1
353520;Palmeira d'Oeste;75,8
353530;Palmital;91,7
353540;Panorama;97,1
353550;Paraguaçu Paulista;90,6
353560;Paraibuna;30,1
353570;Paraíso;88
353580;Paranapanema;81,3
353590;Paranapuã;89
353600;Parapuã;82
353610;Pardinho;78,6
353620;Pariquera-Açu;68,6
353625;Parisi;80,9
353630;Patrocínio Paulista;80,8
353640;Paulicéia;83,1
353650;Paulínia;99,9
353657;Paulistânia;68,1
353660;Paulo de Faria;90,2
353670;Pederneiras;93
353680;Pedra Bela;24,9
353690;Pedranópolis;62,2
353700;Pedregulho;73,8
353710;Pedreira;99,8
353715;Pedrinhas Paulista;84,4
353720;Pedro de Toledo;68,9
353730;Penápolis;95,5
353740;Pereira Barreto;93,1
353750;Pereiras;66,8
353760;Peruíbe;99,1
353770;Piacatu;88,2
353780;Piedade;45,6
353790;Pilar do Sul;78,6
353800;Pindamonhangaba;96,4
353810;Pindorama;94,7
353820;Pinhalzinho;49,3
353830;Piquerobi;75,5
353850;Piquete;93,7
353860;Piracaia;100
353870;Piracicaba;97,9
353880;Piraju;89,9
353890;Pirajuí;81,5
353900;Pirangi;89,7
353910;Pirapora do Bom Jesus;100
353920;Pirapozinho;95
353930;Pirassununga;91,6
353940;Piratininga;85,8
353950;Pitangueiras;96,2
353960;Planalto;84,4
353970;Platina;78,7
353980;Poá;98,4
353990;Poloni;89
354000;Pompéia;93
354010;Pongaí;84
354020;Pontal;98,1
354025;Pontalinda;83
354030;Pontes Gestal;84,3
354040;Populina;80,8
354050;Porangaba;48,3
354060;Porto Feliz;84,1
354070;Porto Ferreira;98,2
354075;Potim;75,8
354080;Potirendaba;89,9
354085;Pracinha;47,9
354090;Pradópolis;92,7
354100;Praia Grande;100
354105;Pratânia;75,8
354110;Presidente Alves;83,2
354120;Presidente Bernardes;77,4
354130;Presidente Epitácio;93,3
354140;Presidente Prudente;98
354150;Presidente Venceslau;95,7
354160;Promissão;84,3
354165;Quadra;25,6
354170;Quatá;93,8
354180;Queiroz;84,9
354190;Queluz;82
354200;Quintana;91,5
354210;Rafard;88,1
354220;Rancharia;89,7
354230;Redenção da Serra;57,1
354240;Regente Feijó;92,2
354250;Reginópolis;59,6
354260;Registro;88,8
354270;Restinga;78,6
354280;Ribeira;36,8
354290;Ribeirão Bonito;92,5
354300;Ribeirão Branco;50,9
354310;Ribeirão Corrente;79,5
354320;Ribeirão do Sul;74,1
354323;Ribeirão dos Índios;84,6
354325;Ribeirão Grande;31,6
354330;Ribeirão Pires;100
354340;Ribeirão Preto;99,8
354350;Riversul;72,9
354360;Rifaina;87,5
354370;Rincão;81,2
354380;Rinópolis;86,9
354390;Rio Claro;97,6
354400;Rio das Pedras;96,8
354410;Rio Grande da Serra;100
354420;Riolândia;79,1
354425;Rosana;80,5
354430;Roseira;95
354440;Rubiácea;57,3
354450;Rubinéia;82,3
354460;Sabino;87,7
354470;Sagres;75,9
354480;Sales;90
354490;Sales Oliveira;90,5
354500;Salesópolis;63,7
354510;Salmourão;89,7
354515;Saltinho;83,5
354520;Salto;99,2
354530;Salto de Pirapora;78,4
354540;Salto Grande;90,3
354550;Sandovalina;69,8
354560;Santa Adélia;94,6
354570;Santa Albertina;85,5
354580;Santa Bárbara d'Oeste;99,2
354600;Santa Branca;88,2
354610;Santa Clara d'Oeste;75,4
354620;Santa Cruz da Conceição;67,7
354625;Santa Cruz da Esperança;67,7
354630;Santa Cruz das Palmeiras;96,9
354640;Santa Cruz do Rio Pardo;91,4
354650;Santa Ernestina;92,4
354660;Santa Fé do Sul;96,1
354670;Santa Gertrudes;98,9
354680;Santa Isabel;78,5
354690;Santa Lúcia;94
354700;Santa Maria da Serra;88,2
354710;Santa Mercedes;86,8
354720;Santana da Ponte Pensa;66,8
354730;Santana de Parnaíba;100
354740;Santa Rita d'Oeste;69,7
354750;Santa Rita do Passa Quatro;89,5
354760;Santa Rosa de Viterbo;95,3
354765;Santa Salete;56,6
354770;Santo Anastácio;93,2
354780;Santo André;100
354790;Santo Antônio da Alegria;74,1
354800;Santo Antônio de Posse;91,2
354805;Santo Antônio do Aracanguá;78,3
354810;Santo Antônio do Jardim;59,4
354820;Santo Antônio do Pinhal;59,4
354830;Santo Expedito;88,4
354840;Santópolis do Aguapeí;96,6
354850;Santos;99,9
354860;São Bento do Sapucaí;48,1
354870;São Bernardo do Campo;98,3
354880;São Caetano do Sul;100
354890;São Carlos;96
354900;São Francisco;77,6
354910;São João da Boa Vista;96
354920;São João das Duas Pontes;76,4
354925;São João de Iracema;81,6
354930;São João do Pau d'Alho;81,1
354940;São Joaquim da Barra;98,2
354950;São José da Bela Vista;89
354960;São José do Barreiro;70,4
354970;São José do Rio Pardo;88,6
354980;São José do Rio Preto;93,9
354990;São José dos Campos;98
354995;São Lourenço da Serra;91
355000;São Luís do Paraitinga;59,4
355010;São Manuel;97,6
355020;São Miguel Arcanjo;68,4
355030;São Paulo;99,1
355040;São Pedro;84
355050;São Pedro do Turvo;71,5
355060;São Roque;90,7
355070;São Sebastião;98,7
355080;São Sebastião da Grama;65,9
355090;São Simão;90,1
355100;São Vicente;99,8
355110;Sarapuí;73,6
355120;Sarutaiá;81,6
355130;Sebastianópolis do Sul;77,4
355140;Serra Azul;71,2
355150;Serrana;98,9
355160;Serra Negra;86,8
355170;Sertãozinho;98,8
355180;Sete Barras;55,3
355190;Severínia;95,3
355200;Silveiras;49,7
355210;Socorro;68
355220;Sorocaba;99
355230;Sud Mennucci;85,9
355240;Sumaré;98,8
355250;Suzano;96,5
355255;Suzanápolis;66,7
355260;Tabapuã;92,6
355270;Tabatinga;85,6
355280;Taboão da Serra;100
355290;Taciba;84,9
355300;Taguaí;71,6
355310;Taiaçu;90,6
355320;Taiúva;91,2
355330;Tambaú;88,9
355340;Tanabi;90,4
355350;Tapiraí;70,9
355360;Tapiratiba;82,5
355365;Taquaral;95,9
355370;Taquaritinga;94,8
355380;Taquarituba;87,8
355385;Taquarivaí;54,6
355390;Tarabai;92,5
355395;Tarumã;94,1
355400;Tatuí;95,3
355410;Taubaté;97,8
355420;Tejupá;64,9
355430;Teodoro Sampaio;81,2
355440;Terra Roxa;95,3
355450;Tietê;90,9
355460;Timburi;72,7
355465;Torre de Pedra;65,2
355470;Torrinha;85,1
355475;Trabiju;91,8
355480;Tremembé;90,1
355490;Três Fronteiras;84,7
355495;Tuiuti;50,1
355500;Tupã;96
355510;Tupi Paulista;78,5
355520;Turiúba;81,9
355530;Turmalina;71,1
355535;Ubarana;91,6
355540;Ubatuba;97,5
355550;Ubirajara;72,9
355560;Uchoa;92,9
355570;União Paulista;76,5
355580;Urânia;84,2
355590;Uru;86,4
355600;Urupês;89
355610;Valentim Gentil;91,3
355620;Valinhos;95,2
355630;Valparaíso;95,1
355635;Vargem;50,2
355640;Vargem Grande do Sul;94,9
355645;Vargem Grande Paulista;100
355650;Várzea Paulista;100
355660;Vera Cruz;86,9
355670;Vinhedo;96,9
355680;Viradouro;97,1
355690;Vista Alegre do Alto;92,2
355695;Vitória Brasil;82,6
355700;Votorantim;96,2
355710;Votuporanga;97,2
355715;Zacarias;78,6
355720;Chavantes;92
355730;Estiva Gerbi;79,8
