Cod. Loc.;Divisões Territoriais;2010
290010;Abaíra;32,1
290020;Abaré;41,5
290030;Acajutiba;41,2
290035;Adustina;33,8
290040;Água Fria;46,4
290050;Érico Cardoso;29,3
290060;Aiquara;32,7
290070;Alagoinhas;42,9
290080;Alcobaça;40,8
290090;Almadina;39,3
290100;Amargosa;43,5
290110;Amélia Rodrigues;45,6
290115;América Dourada;49,5
290120;Anagé;28,3
290130;Andaraí;44,6
290135;Andorinha;36,5
290140;Angical;29,5
290150;Anguera;39,7
290160;Antas;31,3
290170;Antônio Cardoso;34,7
290180;Antônio Gonçalves;40,1
290190;Aporá;42,7
290195;Apuarema;37,4
290200;Aracatu;30,5
290205;Araças;43
290210;Araci;48,2
290220;Aramari;46,5
290225;Arataca;42,5
290230;Aratuípe;40,1
290240;Aurelino Leal;39,1
290250;Baianópolis;16,4
290260;Baixa Grande;38,1
290265;Banzaê;38,2
290270;Barra;34,4
290280;Barra da Estiva;26,5
290290;Barra do Choça;32,9
290300;Barra do Mendes;36,6
290310;Barra do Rocha;36,7
290320;Barreiras;36,2
290323;Barro Alto;30,2
290327;Barrocas;37,2
290330;Barro Preto;49,8
290340;Belmonte;36,5
290350;Belo Campo;37,7
290360;Biritinga;39,8
290370;Boa Nova;44,4
290380;Boa Vista do Tupim;33,7
290390;Bom Jesus da Lapa;36,1
290395;Bom Jesus da Serra;26,8
290400;Boninal;32,6
290405;Bonito;35,8
290410;Boquira;37
290420;Botuporã;21,9
290430;Brejões;43,9
290440;Brejolândia;26,1
290450;Brotas de Macaúbas;29,4
290460;Brumado;24,5
290470;Buerarema;39,9
290475;Buritirama;27,1
290480;Caatiba;29,7
290485;Cabaceiras do Paraguaçu;40,1
290490;Cachoeira;47,5
290500;Caculé;25,7
290510;Caém;44,8
290515;Caetanos;23,4
290520;Caetité;29,5
290530;Cafarnaum;36,5
290540;Cairu;44
290550;Caldeirão Grande;44,6
290560;Camacan;42,4
290570;Camaçari;40,1
290580;Camamu;40
290590;Campo Alegre de Lourdes;23,6
290600;Campo Formoso;31,7
290610;Canápolis;25,1
290620;Canarana;28,4
290630;Canavieiras;43,3
290640;Candeal;48,5
290650;Candeias;41,3
290660;Candiba;31,3
290670;Cândido Sales;35,3
290680;Cansanção;38,2
290682;Canudos;33,1
290685;Capela do Alto Alegre;29,3
290687;Capim Grosso;36,7
290689;Caraíbas;21,2
290690;Caravelas;34,3
290700;Cardeal da Silva;42,7
290710;Carinhanha;36,8
290720;Casa Nova;33
290730;Castro Alves;43
290740;Catolândia;23,5
290750;Catu;39,6
290755;Caturama;26,1
290760;Central;36,7
290770;Chorrochó;41,8
290780;Cícero Dantas;37,5
290790;Cipó;46
290800;Coaraci;45,1
290810;Cocos;21,3
290820;Conceição da Feira;44
290830;Conceição do Almeida;41,6
290840;Conceição do Coité;41,8
290850;Conceição do Jacuípe;48,7
290860;Conde;42,3
290870;Condeúba;29,1
290880;Contendas do Sincorá;33,1
290890;Coração de Maria;46,4
290900;Cordeiros;39
290910;Coribe;22,7
290920;Coronel João Sá;35,6
290930;Correntina;28,4
290940;Cotegipe;31,5
290950;Cravolândia;36,7
290960;Crisópolis;28,9
290970;Cristópolis;23,6
290980;Cruz das Almas;44,2
290990;Curaçá;38,2
291000;Dário Meira;39
291005;Dias d'Ávila;39,5
291010;Dom Basílio;17,5
291020;Dom Macedo Costa;36
291030;Elísio Medrado;33,4
291040;Encruzilhada;31,3
291050;Entre Rios;39,4
291060;Esplanada;39,1
291070;Euclides da Cunha;36,5
291072;Eunápolis;36,3
291075;Fátima;34,3
291077;Feira da Mata;20,1
291080;Feira de Santana;43,1
291085;Filadélfia;39,7
291090;Firmino Alves;37,6
291100;Floresta Azul;38,1
291110;Formosa do Rio Preto;41,1
291120;Gandu;36,2
291125;Gavião;32,6
291130;Gentio do Ouro;23,9
291140;Glória;45,4
291150;Gongogi;42,5
291160;Governador Mangabeira;47,7
291165;Guajeru;20,7
291170;Guanambi;33,9
291180;Guaratinga;31,9
291185;Heliópolis;38,5
291190;Iaçu;39,9
291200;Ibiassucê;24,1
291210;Ibicaraí;44,9
291220;Ibicoara;29,5
291230;Ibicuí;38,2
291240;Ibipeba;31,4
291250;Ibipitanga;28,2
291260;Ibiquera;27,3
291270;Ibirapitanga;41,2
291280;Ibirapuã;36
291290;Ibirataia;39,7
291300;Ibitiara;25,8
291310;Ibititá;35,3
291320;Ibotirama;40,6
291330;Ichu;35,8
291340;Igaporã;24,4
291345;Igrapiúna;30,5
291350;Iguaí;39,2
291360;Ilhéus;40,8
291370;Inhambupe;35,1
291380;Ipecaetá;26,1
291390;Ipiaú;41,3
291400;Ipirá;39,7
291410;Ipupiara;30,5
291420;Irajuba;52,2
291430;Iramaia;30
291440;Iraquara;33
291450;Irará;46,7
291460;Irecê;36,4
291465;Itabela;34,6
291470;Itaberaba;40,9
291480;Itabuna;43,3
291490;Itacaré;33,3
291500;Itaeté;38,1
291510;Itagi;32,2
291520;Itagibá;34,1
291530;Itagimirim;39,4
291535;Itaguaçu da Bahia;33,8
291540;Itaju do Colônia;42,7
291550;Itajuípe;44,9
291560;Itamaraju;38,3
291570;Itamari;36,7
291580;Itambé;42,2
291590;Itanagra;36,2
291600;Itanhém;36,4
291610;Itaparica;50,9
291620;Itapé;41
291630;Itapebi;44,3
291640;Itapetinga;40,1
291650;Itapicuru;43,6
291660;Itapitanga;31,6
291670;Itaquara;43
291680;Itarantim;31,3
291685;Itatim;40,3
291690;Itiruçu;41,8
291700;Itiúba;35,4
291710;Itororó;41,5
291720;Ituaçu;30,5
291730;Ituberá;39,2
291733;Iuiú;39,2
291735;Jaborandi;28,5
291740;Jacaraci;20,7
291750;Jacobina;40
291760;Jaguaquara;40,2
291770;Jaguarari;35,5
291780;Jaguaripe;49,4
291790;Jandaíra;40,7
291800;Jequié;41,1
291810;Jeremoabo;41,3
291820;Jiquiriçá;32,8
291830;Jitaúna;37,3
291835;João Dourado;28
291840;Juazeiro;38,8
291845;Jucuruçu;19
291850;Jussara;34,8
291855;Jussari;36,3
291860;Jussiape;27
291870;Lafaiete Coutinho;37,2
291875;Lagoa Real;19,9
291880;Laje;33,7
291890;Lajedão;42,8
291900;Lajedinho;41,9
291905;Lajedo do Tabocal;35,4
291910;Lamarão;44,7
291915;Lapão;35,6
291920;Lauro de Freitas;39,6
291930;Lençóis;47,5
291940;Licínio de Almeida;28,8
291950;Livramento de Nossa Senhora;24,2
291955;Luís Eduardo Magalhães;27,4
291960;Macajuba;43
291970;Macarani;39,6
291980;Macaúbas;21
291990;Macururé;42,5
291992;Madre de Deus;41,2
291995;Maetinga;37,5
292000;Maiquinique;35,9
292010;Mairi;38,2
292020;Malhada;32,4
292030;Malhada de Pedras;18,7
292040;Manoel Vitorino;30,5
292045;Mansidão;27,5
292050;Maracás;41,8
292060;Maragogipe;40,9
292070;Maraú;30,7
292080;Marcionílio Souza;36,3
292090;Mascote;39
292100;Mata de São João;42,9
292105;Matina;20,2
292110;Medeiros Neto;35,5
292120;Miguel Calmon;38,6
292130;Milagres;44,9
292140;Mirangaba;45,8
292145;Mirante;33,1
292150;Monte Santo;38,1
292160;Morpará;35,6
292170;Morro do Chapéu;37,4
292180;Mortugaba;29,7
292190;Mucugê;33,4
292200;Mucuri;36,2
292205;Mulungu do Morro;43,3
292210;Mundo Novo;45,2
292220;Muniz Ferreira;45,4
292225;Muquém de São Francisco;32,9
292230;Muritiba;45,8
292240;Mutuípe;36,6
292250;Nazaré;45,2
292260;Nilo Peçanha;39,5
292265;Nordestina;42,5
292270;Nova Canaã;34,2
292273;Nova Fátima;40,9
292275;Nova Ibiá;21,4
292280;Nova Itarana;42,6
292285;Nova Redenção;40,3
292290;Nova Soure;47,9
292300;Nova Viçosa;42,6
292303;Novo Horizonte;14,7
292305;Novo Triunfo;32,1
292310;Olindina;40
292320;Oliveira dos Brejinhos;28,1
292330;Ouriçangas;41,4
292335;Ourolândia;32,5
292340;Palmas de Monte Alto;26,6
292350;Palmeiras;52
292360;Paramirim;27,6
292370;Paratinga;25,4
292380;Paripiranga;31,3
292390;Pau Brasil;39,4
292400;Paulo Afonso;40,4
292405;Pé de Serra;34,7
292410;Pedrão;41,5
292420;Pedro Alexandre;29
292430;Piatã;26,7
292440;Pilão Arcado;28,2
292450;Pindaí;25,2
292460;Pindobaçu;41,1
292465;Pintadas;38,8
292467;Piraí do Norte;35,1
292470;Piripá;32,3
292480;Piritiba;35,5
292490;Planaltino;31,5
292500;Planalto;33,8
292510;Poções;40,3
292520;Pojuca;41,8
292525;Ponto Novo;36,6
292530;Porto Seguro;38
292540;Potiraguá;41,8
292550;Prado;40,6
292560;Presidente Dutra;35
292570;Presidente Jânio Quadros;26,2
292575;Presidente Tancredo Neves;34,7
292580;Queimadas;35,5
292590;Quijingue;46,3
292593;Quixabeira;39,3
292595;Rafael Jambeiro;38,5
292600;Remanso;35,1
292610;Retirolândia;34,9
292620;Riachão das Neves;34,3
292630;Riachão do Jacuípe;33,5
292640;Riacho de Santana;27,6
292650;Ribeira do Amparo;48,6
292660;Ribeira do Pombal;41,4
292665;Ribeirão do Largo;30,4
292670;Rio de Contas;27,5
292680;Rio do Antônio;20,5
292690;Rio do Pires;20,1
292700;Rio Real;37,6
292710;Rodelas;51,4
292720;Ruy Barbosa;39
292730;Salinas da Margarida;52,9
292740;Salvador;45,8
292750;Santa Bárbara;49,4
292760;Santa Brígida;34,8
292770;Santa Cruz Cabrália;35,8
292780;Santa Cruz da Vitória;42,8
292790;Santa Inês;48,5
292800;Santaluz;41,3
292805;Santa Luzia;40,2
292810;Santa Maria da Vitória;32,9
292820;Santana;28,4
292830;Santanópolis;47,7
292840;Santa Rita de Cássia;32,3
292850;Santa Teresinha;46,6
292860;Santo Amaro;48,3
292870;Santo Antônio de Jesus;40,9
292880;Santo Estêvão;40
292890;São Desidério;28,1
292895;São Domingos;42,7
292900;São Félix;44,7
292905;São Félix do Coribe;38,2
292910;São Felipe;37,2
292920;São Francisco do Conde;53,4
292925;São Gabriel;32,8
292930;São Gonçalo dos Campos;46,9
292935;São José da Vitória;47,9
292937;São José do Jacuípe;32,1
292940;São Miguel das Matas;31,6
292950;São Sebastião do Passé;43,1
292960;Sapeaçu;42,1
292970;Sátiro Dias;36,1
292975;Saubara;53,6
292980;Saúde;43,5
292990;Seabra;35,8
293000;Sebastião Laranjeiras;30,5
293010;Senhor do Bonfim;43
293015;Serra do Ramalho;29,6
293020;Sento Sé;31,3
293030;Serra Dourada;25,9
293040;Serra Preta;42,9
293050;Serrinha;43,1
293060;Serrolândia;40,5
293070;Simões Filho;41,4
293075;Sítio do Mato;32,1
293076;Sítio do Quinto;41,1
293077;Sobradinho;44,7
293080;Souto Soares;34,8
293090;Tabocas do Brejo Velho;20,9
293100;Tanhaçu;22,7
293105;Tanque Novo;21
293110;Tanquinho;48,1
293120;Taperoá;33,8
293130;Tapiramutá;36,8
293135;Teixeira de Freitas;35,8
293140;Teodoro Sampaio;57,2
293150;Teofilândia;48,4
293160;Teolândia;32,3
293170;Terra Nova;51,2
293180;Tremedal;24,1
293190;Tucano;45,5
293200;Uauá;37,8
293210;Ubaíra;31,4
293220;Ubaitaba;46,9
293230;Ubatã;38,8
293240;Uibaí;45,8
293245;Umburanas;28,3
293250;Una;35,1
293260;Urandi;30,7
293270;Uruçuca;39,2
293280;Utinga;40
293290;Valença;40,1
293300;Valente;33
293305;Várzea da Roça;34,2
293310;Várzea do Poço;42,1
293315;Várzea Nova;36,7
293317;Varzedo;32,5
293320;Vera Cruz;42,9
293325;Vereda;27,1
293330;Vitória da Conquista;38,3
293340;Wagner;38,9
293345;Wanderley;36,1
293350;Wenceslau Guimarães;40,4
293360;Xique-Xique;41
29U;Bahia - Urbano;43
29R;Bahia - Rural;29,8
