Cod. Loc.;Divisões Territoriais;2010
520005;Abadia de Goiás;36,5
520010;Abadiânia;26,6
520013;Acreúna;30,9
520015;Adelândia;36,5
520017;Água Fria de Goiás;24,7
520020;Água Limpa;18,9
520025;Águas Lindas de Goiás;33,7
520030;Alexânia;34,3
520050;Aloândia;25,4
520055;Alto Horizonte;23,6
520060;Alto Paraíso de Goiás;47
520080;Alvorada do Norte;39
520082;Amaralina;15,7
520085;Americano do Brasil;28,9
520090;Amorinópolis;21,2
520110;Anápolis;33,1
520120;Anhanguera;38,6
520130;Anicuns;27,7
520140;Aparecida de Goiânia;36,8
520145;Aparecida do Rio Doce;52,3
520150;Aporé;20,1
520160;Araçu;33,4
520170;Aragarças;49,5
520180;Aragoiânia;38,5
520215;Araguapaz;29,5
520235;Arenópolis;25,8
520250;Aruanã;30,3
520260;Aurilândia;26
520280;Avelinópolis;26,5
520310;Baliza;32,6
520320;Barro Alto;37,6
520330;Bela Vista de Goiás;29,4
520340;Bom Jardim de Goiás;36,6
520350;Bom Jesus de Goiás;24,1
520355;Bonfinópolis;34,6
520357;Bonópolis;34,7
520360;Brazabrantes;25,4
520380;Britânia;41,2
520390;Buriti Alegre;29,8
520393;Buriti de Goiás;24,5
520396;Buritinópolis;26,5
520400;Cabeceiras;29,1
520410;Cachoeira Alta;34
520420;Cachoeira de Goiás;33,8
520425;Cachoeira Dourada;37,1
520430;Caçu;20,2
520440;Caiapônia;32,7
520450;Caldas Novas;36,9
520455;Caldazinha;50,2
520460;Campestre de Goiás;39,3
520465;Campinaçu;32,3
520470;Campinorte;27,5
520480;Campo Alegre de Goiás;22,8
520485;Campo Limpo de Goiás;33,1
520490;Campos Belos;40,1
520495;Campos Verdes;26,6
520500;Carmo do Rio Verde;20,9
520505;Castelândia;31,3
520510;Catalão;32,3
520520;Caturaí;23,9
520530;Cavalcante;41,2
520540;Ceres;27,7
520545;Cezarina;26,1
520547;Chapadão do Céu;19,5
520549;Cidade Ocidental;44
520551;Cocalzinho de Goiás;32,5
520552;Colinas do Sul;42,7
520570;Córrego do Ouro;16,7
520580;Corumbá de Goiás;36,5
520590;Corumbaíba;31,2
520620;Cristalina;36,4
520630;Cristianópolis;20,6
520640;Crixás;26
520650;Cromínia;33,6
520660;Cumari;21,5
520670;Damianópolis;41,5
520680;Damolândia;30,7
520690;Davinópolis;21,2
520710;Diorama;18,8
520725;Doverlândia;18,5
520735;Edealina;21,8
520740;Edéia;30,4
520750;Estrela do Norte;41,4
520753;Faina;20,1
520760;Fazenda Nova;25
520780;Firminópolis;32,4
520790;Flores de Goiás;32,5
520800;Formosa;38,4
520810;Formoso;22,2
520815;Gameleira de Goiás;18,2
520830;Divinópolis de Goiás;28
520840;Goianápolis;29,5
520850;Goiandira;32,8
520860;Goianésia;35
520870;Goiânia;41,3
520880;Goianira;31,9
520890;Goiás;34,5
520910;Goiatuba;29,4
520915;Gouvelândia;23,6
520920;Guapó;32,2
520929;Guaraíta;20,7
520940;Guarani de Goiás;25,5
520945;Guarinos;19,5
520960;Heitoraí;33,4
520970;Hidrolândia;28,6
520980;Hidrolina;21
520990;Iaciara;50,3
520993;Inaciolândia;27,6
520995;Indiara;30,7
521000;Inhumas;40
521010;Ipameri;33,7
521015;Ipiranga de Goiás;51,1
521020;Iporá;28,4
521030;Israelândia;24,6
521040;Itaberaí;29,7
521056;Itaguari;20,1
521060;Itaguaru;24,5
521080;Itajá;26,3
521090;Itapaci;28
521100;Itapirapuã;23
521120;Itapuranga;26,7
521130;Itarumã;24,7
521140;Itauçu;33,8
521150;Itumbiara;35,6
521160;Ivolândia;19,5
521170;Jandaia;23,9
521180;Jaraguá;32,9
521190;Jataí;35
521200;Jaupaci;32,6
521205;Jesúpolis;23,8
521210;Joviânia;25,3
521220;Jussara;31,8
521225;Lagoa Santa;24,2
521230;Leopoldo de Bulhões;38,7
521250;Luziânia;36,6
521260;Mairipotaba;30,3
521270;Mambaí;24,9
521280;Mara Rosa;40,9
521290;Marzagão;55,4
521295;Matrinchã;26,2
521300;Maurilândia;29,9
521305;Mimoso de Goiás;25,6
521308;Minaçu;26,9
521310;Mineiros;35,9
521340;Moiporá;29,9
521350;Monte Alegre de Goiás;35
521370;Montes Claros de Goiás;27,2
521375;Montividiu;22,2
521377;Montividiu do Norte;34
521380;Morrinhos;32,4
521385;Morro Agudo de Goiás;19,9
521390;Mossâmedes;26
521400;Mozarlândia;40,4
521405;Mundo Novo;33,9
521410;Mutunópolis;25,4
521440;Nazário;36,9
521450;Nerópolis;32,7
521460;Niquelândia;28,7
521470;Nova América;24,5
521480;Nova Aurora;50,7
521483;Nova Crixás;24,5
521486;Nova Glória;24,9
521487;Nova Iguaçu de Goiás;21,4
521490;Nova Roma;22,4
521500;Nova Veneza;25,7
521520;Novo Brasil;22,7
521523;Novo Gama;43,7
521525;Novo Planalto;30,2
521530;Orizona;26
521540;Ouro Verde de Goiás;29,8
521550;Ouvidor;22,7
521560;Padre Bernardo;34,4
521565;Palestina de Goiás;12,9
521570;Palmeiras de Goiás;27,6
521580;Palmelo;38,6
521590;Palminópolis;27,1
521600;Panamá;26
521630;Paranaiguara;34,1
521640;Paraúna;30,2
521645;Perolândia;21,8
521680;Petrolina de Goiás;21,7
521690;Pilar de Goiás;16,6
521710;Piracanjuba;26,9
521720;Piranhas;33,3
521730;Pirenópolis;32,7
521740;Pires do Rio;30,4
521760;Planaltina;42
521770;Pontalina;25
521800;Porangatu;30,6
521805;Porteirão;15,9
521810;Portelândia;58,2
521830;Posse;33,7
521839;Professor Jamil;28
521850;Quirinópolis;33,4
521860;Rialma;32
521870;Rianápolis;23,8
521878;Rio Quente;35,2
521880;Rio Verde;36,1
521890;Rubiataba;30,1
521900;Sanclerlândia;27
521910;Santa Bárbara de Goiás;32,9
521920;Santa Cruz de Goiás;21,4
521925;Santa Fé de Goiás;27,3
521930;Santa Helena de Goiás;31,1
521935;Santa Isabel;17,9
521940;Santa Rita do Araguaia;30,9
521945;Santa Rita do Novo Destino;24,7
521950;Santa Rosa de Goiás;24,1
521960;Santa Tereza de Goiás;34,2
521970;Santa Terezinha de Goiás;29,7
521971;Santo Antônio da Barra;26,7
521973;Santo Antônio de Goiás;25,5
521975;Santo Antônio do Descoberto;41,2
521980;São Domingos;36,8
521990;São Francisco de Goiás;20,9
522000;São João d'Aliança;27,3
522005;São João da Paraúna;17,3
522010;São Luís de Montes Belos;33,5
522015;São Luíz do Norte;28,4
522020;São Miguel do Araguaia;35,6
522026;São Miguel do Passa Quatro;16,1
522028;São Patrício;13,2
522040;São Simão;41,8
522045;Senador Canedo;41,4
522050;Serranópolis;25,8
522060;Silvânia;27,5
522068;Simolândia;38,2
522070;Sítio d'Abadia;28,3
522100;Taquaral de Goiás;26,9
522108;Teresina de Goiás;41,5
522119;Terezópolis de Goiás;27,1
522130;Três Ranchos;30,4
522140;Trindade;40,8
522145;Trombas;24,3
522150;Turvânia;36,8
522155;Turvelândia;17,3
522157;Uirapuru;22,9
522160;Uruaçu;37,3
522170;Uruana;25,7
522180;Urutaí;21,9
522185;Valparaíso de Goiás;40,7
522190;Varjão;27,5
522200;Vianópolis;25,6
522205;Vicentinópolis;35,8
522220;Vila Boa;39,6
522230;Vila Propício;16,8
52U;Goiás - Urbano;37,6
52R;Goiás - Rural;17,1
