Cod. Loc.;Divisões Territoriais;2010
210005;Açailândia;33,2
210010;Afonso Cunha;41
210015;Água Doce do Maranhão;43,9
210020;Alcântara;42,8
210030;Aldeias Altas;35,6
210040;Altamira do Maranhão;39,3
210043;Alto Alegre do Maranhão;42,5
210047;Alto Alegre do Pindaré;34,1
210050;Alto Parnaíba;34,6
210055;Amapá do Maranhão;42,1
210060;Amarante do Maranhão;31,2
210070;Anajatuba;37,2
210080;Anapurus;29,5
210083;Apicum-Açu;50,3
210087;Araguanã;24
210090;Araioses;39,4
210095;Arame;34,6
210100;Arari;42,3
210110;Axixá;42,3
210120;Bacabal;42,8
210125;Bacabeira;42,4
210130;Bacuri;49,7
210135;Bacurituba;53
210140;Balsas;41,2
210150;Barão de Grajaú;37,3
210160;Barra do Corda;35,9
210170;Barreirinhas;38,2
210173;Belágua;22,7
210177;Bela Vista do Maranhão;46,3
210180;Benedito Leite;46,5
210190;Bequimão;42,3
210193;Bernardo do Mearim;26,4
210197;Boa Vista do Gurupi;46,9
210200;Bom Jardim;34,9
210203;Bom Jesus das Selvas;34,9
210207;Bom Lugar;36,1
210210;Brejo;39,5
210215;Brejo de Areia;34,4
210220;Buriti;27,6
210230;Buriti Bravo;39,3
210232;Buriticupu;31,2
210235;Buritirana;26,8
210237;Cachoeira Grande;32,9
210240;Cajapió;37,1
210250;Cajari;39,1
210255;Campestre do Maranhão;36,1
210260;Cândido Mendes;49
210270;Cantanhede;42,6
210275;Capinzal do Norte;43,5
210280;Carolina;37,1
210290;Carutapera;43,8
210300;Caxias;45,4
210310;Cedral;56,3
210312;Central do Maranhão;47,9
210315;Centro do Guilherme;23,5
210317;Centro Novo do Maranhão;28,6
210320;Chapadinha;38,1
210325;Cidelândia;34,7
210330;Codó;44,6
210340;Coelho Neto;42,1
210350;Colinas;43,3
210355;Conceição do Lago-Açu;39,6
210360;Coroatá;37,5
210370;Cururupu;50,2
210375;Davinópolis;49,9
210380;Dom Pedro;38,5
210390;Duque Bacelar;30,9
210400;Esperantinópolis;34,9
210405;Estreito;34,6
210407;Feira Nova do Maranhão;17,4
210408;Fernando Falcão;30,4
210409;Formosa da Serra Negra;39,9
210410;Fortaleza dos Nogueiras;42,6
210420;Fortuna;45,2
210430;Godofredo Viana;43,7
210440;Gonçalves Dias;38,1
210450;Governador Archer;43,1
210455;Governador Edison Lobão;37,3
210460;Governador Eugênio Barros;35,9
210462;Governador Luiz Rocha;28,4
210465;Governador Newton Bello;38,6
210467;Governador Nunes Freire;52,3
210470;Graça Aranha;39,7
210480;Grajaú;31,3
210490;Guimarães;47,1
210500;Humberto de Campos;38
210510;Icatu;32,9
210515;Igarapé do Meio;45,6
210520;Igarapé Grande;34,6
210530;Imperatriz;38,9
210535;Itaipava do Grajaú;28,1
210540;Itapecuru Mirim;44
210542;Itinga do Maranhão;37,9
210545;Jatobá;28,1
210547;Jenipapo dos Vieiras;24
210550;João Lisboa;40,2
210560;Joselândia;27,7
210565;Junco do Maranhão;33,9
210570;Lago da Pedra;35,1
210580;Lago do Junco;42,9
210590;Lago Verde;40,5
210592;Lagoa do Mato;25,1
210594;Lago dos Rodrigues;39,8
210596;Lagoa Grande do Maranhão;26,3
210598;Lajeado Novo;23,5
210600;Lima Campos;36,1
210610;Loreto;43,8
210620;Luís Domingues;50,5
210630;Magalhães de Almeida;29,6
210632;Maracaçumé;44,6
210635;Marajá do Sena;26,7
210637;Maranhãozinho;37,1
210640;Mata Roma;27,8
210650;Matinha;41,1
210660;Matões;32,3
210663;Matões do Norte;31,2
210667;Milagres do Maranhão;28,5
210670;Mirador;43,6
210675;Miranda do Norte;41,5
210680;Mirinzal;42,1
210690;Monção;41
210700;Montes Altos;38
210710;Morros;33,6
210720;Nina Rodrigues;38,7
210725;Nova Colinas;41
210730;Nova Iorque;36,9
210735;Nova Olinda do Maranhão;36,4
210740;Olho d'Água das Cunhãs;42,9
210745;Olinda Nova do Maranhão;42,9
210750;Paço do Lumiar;46,3
210760;Palmeirândia;58,9
210770;Paraibano;46,6
210780;Parnarama;35,9
210790;Passagem Franca;45,3
210800;Pastos Bons;41
210805;Paulino Neves;31,4
210810;Paulo Ramos;33,5
210820;Pedreiras;39,8
210825;Pedro do Rosário;41,3
210830;Penalva;48,4
210840;Peri Mirim;40,9
210845;Peritoró;50,5
210850;Pindaré-Mirim;49,3
210860;Pinheiro;46
210870;Pio XII;39,4
210880;Pirapemas;45,5
210890;Poção de Pedras;36,8
210900;Porto Franco;33,3
210905;Porto Rico do Maranhão;43,7
210910;Presidente Dutra;37,4
210920;Presidente Juscelino;34,4
210923;Presidente Médici;38,1
210927;Presidente Sarney;46
210930;Presidente Vargas;42,2
210940;Primeira Cruz;40,9
210945;Raposa;54,9
210950;Riachão;46,5
210955;Ribamar Fiquene;31,2
210960;Rosário;44
210970;Sambaíba;51,2
210975;Santa Filomena do Maranhão;45,8
210980;Santa Helena;45,6
210990;Santa Inês;44,7
211000;Santa Luzia;37,1
211003;Santa Luzia do Paruá;36,2
211010;Santa Quitéria do Maranhão;31,9
211020;Santa Rita;45,6
211023;Santana do Maranhão;33,5
211027;Santo Amaro do Maranhão;47,2
211030;Santo Antônio dos Lopes;34,4
211040;São Benedito do Rio Preto;27,6
211050;São Bento;45,4
211060;São Bernardo;36,7
211065;São Domingos do Azeitão;42,8
211070;São Domingos do Maranhão;33
211080;São Félix de Balsas;23,1
211085;São Francisco do Brejão;39,4
211090;São Francisco do Maranhão;43,8
211100;São João Batista;44,4
211102;São João do Carú;23,9
211105;São João do Paraíso;22
211107;São João do Soter;37,4
211110;São João dos Patos;41,9
211120;São José de Ribamar;50,4
211125;São José dos Basílios;46,1
211130;São Luís;47,5
211140;São Luís Gonzaga do Maranhão;37,2
211150;São Mateus do Maranhão;43,6
211153;São Pedro da Água Branca;42
211157;São Pedro dos Crentes;29,3
211160;São Raimundo das Mangabeiras;46,1
211163;São Raimundo do Doca Bezerra;36,4
211167;São Roberto;21,8
211170;São Vicente Ferrer;43,5
211172;Satubinha;33
211174;Senador Alexandre Costa;46,2
211176;Senador La Rocque;35,6
211178;Serrano do Maranhão;53,5
211180;Sítio Novo;20,5
211190;Sucupira do Norte;37,8
211195;Sucupira do Riachão;35,6
211200;Tasso Fragoso;40,1
211210;Timbiras;33,1
211220;Timon;46,6
211223;Trizidela do Vale;44,5
211227;Tufilândia;50
211230;Tuntum;28,8
211240;Turiaçu;50,7
211245;Turilândia;45,8
211250;Tutóia;40,3
211260;Urbano Santos;40,1
211270;Vargem Grande;40,2
211280;Viana;44,5
211285;Vila Nova dos Martírios;27,5
211290;Vitória do Mearim;42,8
211300;Vitorino Freire;37
211400;Zé Doca;35,3
21U;Maranhão - Urbano;45,1
21R;Maranhão - Rural;34,4
