Cod. Loc.;Divisões Territoriais;2010
250010;Água Branca;33,9
250020;Aguiar;27,1
250030;Alagoa Grande;41
250040;Alagoa Nova;32
250050;Alagoinha;32,1
250053;Alcantil;50,6
250057;Algodão de Jandaíra;54,5
250060;Alhandra;31,8
250070;São João do Rio do Peixe;31,4
250073;Amparo;35,1
250077;Aparecida;41,2
250080;Araçagi;27,9
250090;Arara;40,6
250100;Araruna;31,9
250110;Areia;38,1
250115;Areia de Baraúnas;21,7
250120;Areial;46,5
250130;Aroeiras;33,5
250135;Assunção;36,8
250140;Baía da Traição;37,6
250150;Bananeiras;32,1
250153;Baraúna;49,4
250157;Barra de Santana;24,4
250160;Barra de Santa Rosa;39,5
250170;Barra de São Miguel;23,8
250180;Bayeux;40,8
250190;Belém;35,8
250200;Belém do Brejo do Cruz;42,5
250205;Bernardino Batista;22,6
250210;Boa Ventura;23,6
250215;Boa Vista;23,1
250220;Bom Jesus;28,3
250230;Bom Sucesso;22
250240;Bonito de Santa Fé;26,1
250250;Boqueirão;36
250260;Igaracy;22,3
250270;Borborema;30,4
250280;Brejo do Cruz;33,8
250290;Brejo dos Santos;28,9
250300;Caaporã;31,3
250310;Cabaceiras;31,1
250320;Cabedelo;41,9
250330;Cachoeira dos Índios;24,7
250340;Cacimba de Areia;27,4
250350;Cacimba de Dentro;38,5
250355;Cacimbas;56
250360;Caiçara;41,5
250370;Cajazeiras;37,4
250375;Cajazeirinhas;30
250380;Caldas Brandão;31,9
250390;Camalaú;38,7
250400;Campina Grande;40,6
250403;Capim;37
250407;Caraúbas;42,4
250410;Carrapateira;50,5
250415;Casserengue;38
250420;Catingueira;29,2
250430;Catolé do Rocha;32,8
250435;Caturité;24,8
250440;Conceição;28
250450;Condado;34,7
250460;Conde;39
250470;Congo;51,3
250480;Coremas;32,5
250485;Coxixola;29,5
250490;Cruz do Espírito Santo;32,1
250500;Cubati;42,9
250510;Cuité;37,7
250520;Cuitegi;46
250523;Cuité de Mamanguape;32,4
250527;Curral de Cima;34,8
250530;Curral Velho;46,4
250535;Damião;28,1
250540;Desterro;47,3
250550;Vista Serrana;41
250560;Diamante;31,6
250570;Dona Inês;30,4
250580;Duas Estradas;42,1
250590;Emas;34,1
250600;Esperança;42,1
250610;Fagundes;37,6
250620;Frei Martinho;26,4
250625;Gado Bravo;36,9
250630;Guarabira;34,1
250640;Gurinhém;29,2
250650;Gurjão;45,3
250660;Ibiara;42,1
250670;Imaculada;37,6
250680;Ingá;39,1
250690;Itabaiana;40,9
250700;Itaporanga;31,6
250710;Itapororoca;28,8
250720;Itatuba;31,8
250730;Jacaraú;31,2
250740;Jericó;26,3
250750;João Pessoa;40,9
250760;Juarez Távora;47,7
250770;Juazeirinho;36,3
250780;Junco do Seridó;27,8
250790;Juripiranga;39,9
250800;Juru;32,9
250810;Lagoa;36,6
250820;Lagoa de Dentro;39
250830;Lagoa Seca;32,4
250840;Lastro;32,4
250850;Livramento;32,4
250855;Logradouro;41,5
250860;Lucena;33,5
250870;Mãe d'Água;44,9
250880;Malta;40,7
250890;Mamanguape;32,5
250900;Manaíra;37,5
250905;Marcação;Não Disponível
250910;Mari;43,4
250915;Marizópolis;26,4
250920;Massaranduba;37,1
250930;Mataraca;35,3
250933;Matinhas;22,9
250937;Mato Grosso;18,1
250939;Maturéia;47,9
250940;Mogeiro;38,6
250950;Montadas;39,1
250960;Monte Horebe;28,8
250970;Monteiro;37,9
250980;Mulungu;37,3
250990;Natuba;33,3
251000;Nazarezinho;31,2
251010;Nova Floresta;45
251020;Nova Olinda;34,7
251030;Nova Palmeira;30
251040;Olho d'Água;20,3
251050;Olivedos;38,7
251060;Ouro Velho;36,1
251065;Parari;29,2
251070;Passagem;53,4
251080;Patos;40,1
251090;Paulista;38,6
251100;Pedra Branca;21,9
251110;Pedra Lavrada;29,9
251120;Pedras de Fogo;29,9
251130;Piancó;33,6
251140;Picuí;36,9
251150;Pilar;42,2
251160;Pilões;32,9
251170;Pilõezinhos;49,1
251180;Pirpirituba;35,1
251190;Pitimbu;38,7
251200;Pocinhos;32
251203;Poço Dantas;23,9
251207;Poço de José de Moura;48,1
251210;Pombal;35
251220;Prata;34
251230;Princesa Isabel;33,2
251240;Puxinanã;31,2
251250;Queimadas;35,4
251260;Quixabá;33
251270;Remígio;36,9
251272;Pedro Régis;30,4
251274;Riachão;32,9
251275;Riachão do Bacamarte;48,9
251276;Riachão do Poço;25,5
251278;Riacho de Santo Antônio;51,7
251280;Riacho dos Cavalos;31,2
251290;Rio Tinto;34,9
251300;Salgadinho;36,4
251310;Salgado de São Félix;29,1
251315;Santa Cecília;56,4
251320;Santa Cruz;24,5
251330;Santa Helena;31,4
251335;Santa Inês;41,7
251340;Santa Luzia;35,3
251350;Santana de Mangueira;21,8
251360;Santana dos Garrotes;21
251365;Joca Claudino;25,8
251370;Santa Rita;39,7
251380;Santa Teresinha;23,6
251385;Santo André;46,5
251390;São Bento;35
251392;São Bentinho;24,5
251394;São Domingos do Cariri;30
251396;São Domingos de Pombal;34,3
251398;São Francisco;21,8
251400;São João do Cariri;44,1
251410;São João do Tigre;43,6
251420;São José da Lagoa Tapada;24,6
251430;São José de Caiana;19,6
251440;São José de Espinharas;30,5
251445;São José dos Ramos;64,7
251450;São José de Piranhas;26
251455;São José de Princesa;28,8
251460;São José do Bonfim;62,7
251465;São José do Brejo do Cruz;55,2
251470;São José do Sabugi;28,2
251480;São José dos Cordeiros;30,2
251490;São Mamede;39,4
251500;São Miguel de Taipu;43,1
251510;São Sebastião de Lagoa de Roça;30,3
251520;São Sebastião do Umbuzeiro;40,3
251530;Sapé;39,2
251540;São Vicente do Seridó;30,9
251550;Serra Branca;47
251560;Serra da Raiz;47,3
251570;Serra Grande;25,4
251580;Serra Redonda;48,7
251590;Serraria;29,5
251593;Sertãozinho;26,1
251597;Sobrado;28,9
251600;Solânea;44,9
251610;Soledade;34,5
251615;Sossêgo;31,8
251620;Sousa;33,1
251630;Sumé;44,7
251640;Tacima;37,6
251650;Taperoá;37,6
251660;Tavares;30,5
251670;Teixeira;48,4
251675;Tenório;37,8
251680;Triunfo;29,3
251690;Uiraúna;31,8
251700;Umbuzeiro;46,1
251710;Várzea;28,7
251720;Vieirópolis;21,2
251740;Zabelê;40,4
25R;Paraíba - Rural;27,3
25U;Paraíba - Urbano;40,6
