Cod. Loc.;Divisões Territoriais;2010
220005;Acauã;17,1
220010;Agricolândia;45,9
220020;Água Branca;43,9
220025;Alagoinha do Piauí;22,5
220027;Alegrete do Piauí;36,2
220030;Alto Longá;23
220040;Altos;36,7
220045;Alvorada do Gurguéia;28,8
220050;Amarante;49,2
220060;Angical do Piauí;45,6
220070;Anísio de Abreu;33,4
220080;Antônio Almeida;33,1
220090;Aroazes;31,1
220095;Aroeiras do Itaim;15,1
220100;Arraial;48,4
220105;Assunção do Piauí;30,4
220110;Avelino Lopes;26,3
220115;Baixa Grande do Ribeiro;29
220117;Barra D'Alcântara;56,1
220120;Barras;34,7
220130;Barreiras do Piauí;41,4
220140;Barro Duro;45,7
220150;Batalha;32,7
220155;Bela Vista do Piauí;47
220157;Belém do Piauí;49,2
220160;Beneditinos;36,3
220170;Bertolínia;39,2
220173;Betânia do Piauí;29,2
220177;Boa Hora;43,8
220180;Bocaina;26
220190;Bom Jesus;28,5
220191;Bom Princípio do Piauí;20,2
220192;Bonfim do Piauí;20,9
220194;Boqueirão do Piauí;45,3
220196;Brasileira;25,7
220198;Brejo do Piauí;14,2
220200;Buriti dos Lopes;43,8
220202;Buriti dos Montes;21,5
220205;Cabeceiras do Piauí;31,9
220207;Cajazeiras do Piauí;33,4
220208;Cajueiro da Praia;39,3
220209;Caldeirão Grande do Piauí;23,1
220210;Campinas do Piauí;34,1
220211;Campo Alegre do Fidalgo;28
220213;Campo Grande do Piauí;31,9
220217;Campo Largo do Piauí;28,3
220220;Campo Maior;38,2
220225;Canavieira;40,2
220230;Canto do Buriti;25,7
220240;Capitão de Campos;34,7
220245;Capitão Gervásio Oliveira;29,6
220250;Caracol;27,2
220253;Caraúbas do Piauí;31,9
220255;Caridade do Piauí;35,4
220260;Castelo do Piauí;38,5
220265;Caxingó;21,9
220270;Cocal;33,7
220271;Cocal de Telha;44,7
220272;Cocal dos Alves;31,1
220273;Coivaras;22
220275;Colônia do Gurguéia;35,8
220277;Colônia do Piauí;47,8
220280;Conceição do Canindé;32,1
220285;Coronel José Dias;19,4
220290;Corrente;37,3
220300;Cristalândia do Piauí;27,6
220310;Cristino Castro;39,4
220320;Curimatá;31,4
220323;Currais;25,2
220325;Curralinhos;45,7
220327;Curral Novo do Piauí;22,9
220330;Demerval Lobão;38,6
220335;Dirceu Arcoverde;26,1
220340;Dom Expedito Lopes;30,2
220342;Domingos Mourão;46,4
220345;Dom Inocêncio;25,8
220350;Elesbão Veloso;37,6
220360;Eliseu Martins;35
220370;Esperantina;36,3
220375;Fartura do Piauí;40,4
220380;Flores do Piauí;39,1
220385;Floresta do Piauí;65,3
220390;Floriano;44
220400;Francinópolis;53,2
220410;Francisco Ayres;40,5
220415;Francisco Macedo;31,9
220420;Francisco Santos;25,5
220430;Fronteiras;35,8
220435;Geminiano;37,9
220440;Gilbués;42,2
220450;Guadalupe;50,7
220455;Guaribas;16
220460;Hugo Napoleão;32,4
220465;Ilha Grande;38,3
220470;Inhuma;32,7
220480;Ipiranga do Piauí;30,4
220490;Isaías Coelho;43,7
220500;Itainópolis;23,2
220510;Itaueira;28,9
220515;Jacobina do Piauí;24,6
220520;Jaicós;28,8
220525;Jardim do Mulato;30,9
220527;Jatobá do Piauí;21,1
220530;Jerumenha;52,7
220535;João Costa;46,1
220540;Joaquim Pires;34,9
220545;Joca Marques;45,2
220550;José de Freitas;31,3
220551;Juazeiro do Piauí;31,8
220552;Júlio Borges;26,2
220553;Jurema;31,2
220554;Lagoinha do Piauí;32,8
220555;Lagoa Alegre;25,3
220556;Lagoa do Barro do Piauí;31,2
220557;Lagoa de São Francisco;30,4
220558;Lagoa do Piauí;27,1
220559;Lagoa do Sítio;34,5
220560;Landri Sales;41,1
220570;Luís Correia;36,2
220580;Luzilândia;40
220585;Madeiro;28,2
220590;Manoel Emídio;31,4
220595;Marcolândia;33,6
220600;Marcos Parente;37,2
220605;Massapê do Piauí;27,3
220610;Matias Olímpio;34,2
220620;Miguel Alves;30,9
220630;Miguel Leão;38,1
220635;Milton Brandão;23,5
220640;Monsenhor Gil;42
220650;Monsenhor Hipólito;30,3
220660;Monte Alegre do Piauí;37,8
220665;Morro Cabeça no Tempo;19,6
220667;Morro do Chapéu do Piauí;25,2
220669;Murici dos Portelas;23,5
220670;Nazaré do Piauí;27,8
220672;Nazária;41,1
220675;Nossa Senhora de Nazaré;25,1
220680;Nossa Senhora dos Remédios;29,6
220690;Novo Oriente do Piauí;33,6
220695;Novo Santo Antônio;24,1
220700;Oeiras;40,6
220710;Olho D'Água do Piauí;36,5
220720;Padre Marcos;28
220730;Paes Landim;54,9
220735;Pajeú do Piauí;28,2
220740;Palmeira do Piauí;24,7
220750;Palmeirais;44
220755;Paquetá;17,8
220760;Parnaguá;18,6
220770;Parnaíba;42,8
220775;Passagem Franca do Piauí;47,1
220777;Patos do Piauí;25,2
220779;Pau D'Arco do Piauí;39,5
220780;Paulistana;32,1
220785;Pavussu;24,3
220790;Pedro II;32,2
220793;Pedro Laurentino;36,5
220795;Nova Santa Rita;16,9
220800;Picos;33,7
220810;Pimenteiras;33,6
220820;Pio IX;29,2
220830;Piracuruca;39
220840;Piripiri;41,1
220850;Porto;38,3
220855;Porto Alegre do Piauí;38,6
220860;Prata do Piauí;24,7
220865;Queimada Nova;32,7
220870;Redenção do Gurguéia;33
220880;Regeneração;45,4
220885;Riacho Frio;30,1
220887;Ribeira do Piauí;32,8
220890;Ribeiro Gonçalves;36,8
220900;Rio Grande do Piauí;31,6
220910;Santa Cruz do Piauí;26,7
220915;Santa Cruz dos Milagres;57,4
220920;Santa Filomena;35,1
220930;Santa Luz;24,8
220935;Santana do Piauí;21,9
220937;Santa Rosa do Piauí;32
220940;Santo Antônio de Lisboa;27,6
220945;Santo Antônio dos Milagres;32,6
220950;Santo Inácio do Piauí;33,4
220955;São Braz do Piauí;23,7
220960;São Félix do Piauí;24,9
220965;São Francisco de Assis do Piauí;28,2
220970;São Francisco do Piauí;38,4
220975;São Gonçalo do Gurguéia;34,4
220980;São Gonçalo do Piauí;30,3
220985;São João da Canabrava;25,1
220987;São João da Fronteira;45,1
220990;São João da Serra;29,9
220995;São João da Varjota;35,4
220997;São João do Arraial;34,4
221000;São João do Piauí;44,2
221005;São José do Divino;38,7
221010;São José do Peixe;34,9
221020;São José do Piauí;20,8
221030;São Julião;33,4
221035;São Lourenço do Piauí;20,8
221037;São Luis do Piauí;18,4
221038;São Miguel da Baixa Grande;42,9
221039;São Miguel do Fidalgo;46,3
221040;São Miguel do Tapuio;27,6
221050;São Pedro do Piauí;43,3
221060;São Raimundo Nonato;34,7
221062;Sebastião Barros;20,1
221063;Sebastião Leal;21,7
221065;Sigefredo Pacheco;28,7
221070;Simões;34,5
221080;Simplício Mendes;35,2
221090;Socorro do Piauí;26,9
221093;Sussuapara;30,7
221095;Tamboril do Piauí;26,2
221097;Tanque do Piauí;41,8
221100;Teresina;45,6
221110;União;34,1
221120;Uruçuí;42,1
221130;Valença do Piauí;40,4
221135;Várzea Branca;23,1
221140;Várzea Grande;52
221150;Vera Mendes;24,3
221160;Vila Nova do Piauí;32,1
221170;Wall Ferraz;20,2
22U;Piauí - Urbano;43,1
22R;Piauí - Rural;27,2
