Cod. Loc.;Divisões Territoriais;2010
430003;Aceguá;19,1
430005;Água Santa;8,8
430010;Agudo;24,5
430020;Ajuricaba;21,5
430030;Alecrim;19,6
430040;Alegrete;33,3
430045;Alegria;22,3
430047;Almirante Tamandaré do Sul;12,6
430050;Alpestre;18,4
430055;Alto Alegre;12,5
430057;Alto Feliz;30,1
430060;Alvorada;47,2
430063;Amaral Ferrador;20,5
430064;Ametista do Sul;22,8
430066;André da Rocha;9,65
430070;Anta Gorda;12
430080;Antônio Prado;22,9
430085;Arambaré;20,4
430087;Araricá;30,3
430090;Aratiba;20,6
430100;Arroio do Meio;32,8
430105;Arroio do Sal;41,8
430107;Arroio do Padre;10,2
430110;Arroio dos Ratos;37,5
430120;Arroio do Tigre;23,3
430130;Arroio Grande;38,9
430140;Arvorezinha;23,8
430150;Augusto Pestana;19,9
430155;Áurea;28,1
430160;Bagé;43,6
430163;Balneário Pinhal;39,7
430165;Barão;32,1
430170;Barão de Cotegipe;19,2
430175;Barão do Triunfo;15,2
430180;Barracão;30,6
430185;Barra do Guarita;26
430187;Barra do Quaraí;28,2
430190;Barra do Ribeiro;32
430192;Barra do Rio Azul;10
430195;Barra Funda;32
430200;Barros Cassal;24,4
430205;Benjamin Constant do Sul;13
430210;Bento Gonçalves;36,2
430215;Boa Vista das Missões;31,1
430220;Boa Vista do Buricá;19,7
430222;Boa Vista do Cadeado;19,9
430223;Boa Vista do Incra;20,8
430225;Boa Vista do Sul;18,3
430230;Bom Jesus;27,7
430235;Bom Princípio;26,3
430237;Bom Progresso;32,8
430240;Bom Retiro do Sul;31,6
430245;Boqueirão do Leão;25,2
430250;Bossoroca;38,2
430258;Bozano;14
430260;Braga;28,2
430265;Brochier;20,9
430270;Butiá;44,2
430280;Caçapava do Sul;39,1
430290;Cacequi;31,8
430300;Cachoeira do Sul;36,2
430310;Cachoeirinha;41,1
430320;Cacique Doble;16,6
430330;Caibaté;26,6
430340;Caiçara;18,8
430350;Camaquã;27,9
430355;Camargo;14,9
430360;Cambará do Sul;34,7
430367;Campestre da Serra;39,6
430370;Campina das Missões;18,1
430380;Campinas do Sul;25,4
430390;Campo Bom;40,8
430400;Campo Novo;33,1
430410;Campos Borges;22,4
430420;Candelária;28,1
430430;Cândido Godói;18,3
430435;Candiota;25,7
430440;Canela;39,6
430450;Canguçu;22,1
430460;Canoas;41,9
430461;Canudos do Vale;10,5
430462;Capão Bonito do Sul;19,6
430463;Capão da Canoa;39,1
430465;Capão do Cipó;29,4
430466;Capão do Leão;37,2
430467;Capivari do Sul;30,4
430468;Capela de Santana;43,2
430469;Capitão;28,9
430470;Carazinho;38,7
430471;Caraá;14,8
430480;Carlos Barbosa;28,7
430485;Carlos Gomes;23
430490;Casca;18,6
430495;Caseiros;19,8
430500;Catuípe;26,7
430510;Caxias do Sul;35,8
430511;Centenário;13,3
430512;Cerrito;42,1
430513;Cerro Branco;24,7
430515;Cerro Grande;14,1
430517;Cerro Grande do Sul;37,5
430520;Cerro Largo;32,2
430530;Chapada;28,2
430535;Charqueadas;35,4
430537;Charrua;10,4
430540;Chiapetta;40,8
430543;Chuí;41,8
430544;Chuvisca;13,5
430545;Cidreira;39,6
430550;Ciríaco;21,9
430558;Colinas;22,4
430560;Colorado;16,8
430570;Condor;22,5
430580;Constantina;21,2
430583;Coqueiro Baixo;7,89
430585;Coqueiros do Sul;22,6
430587;Coronel Barros;14,1
430590;Coronel Bicaco;37,7
430593;Coronel Pilar;8,26
430595;Cotiporã;16,6
430597;Coxilha;17,1
430600;Crissiumal;27,9
430605;Cristal;23
430607;Cristal do Sul;14,9
430610;Cruz Alta;39,7
430613;Cruzaltense;21,1
430620;Cruzeiro do Sul;37,1
430630;David Canabarro;14,1
430632;Derrubadas;16,6
430635;Dezesseis de Novembro;24,1
430637;Dilermando de Aguiar;35
430640;Dois Irmãos;34,6
430642;Dois Irmãos das Missões;25,7
430645;Dois Lajeados;22,8
430650;Dom Feliciano;20,2
430655;Dom Pedro de Alcântara;23,2
430660;Dom Pedrito;35,1
430670;Dona Francisca;22,9
430673;Doutor Maurício Cardoso;35,7
430675;Doutor Ricardo;13,8
430676;Eldorado do Sul;45,1
430680;Encantado;26,8
430690;Encruzilhada do Sul;32,3
430692;Engenho Velho;14,6
430693;Entre-Ijuís;23,4
430695;Entre Rios do Sul;25,3
430697;Erebango;18,3
430700;Erechim;32,1
430705;Ernestina;19,6
430710;Herval;39,5
430720;Erval Grande;19,4
430730;Erval Seco;19,9
430740;Esmeralda;27,1
430745;Esperança do Sul;9,6
430750;Espumoso;29,5
430755;Estação;22,2
430760;Estância Velha;32,7
430770;Esteio;39,6
430780;Estrela;36,2
430781;Estrela Velha;15,4
430783;Eugênio de Castro;21,6
430786;Fagundes Varela;20,8
430790;Farroupilha;31,2
430800;Faxinal do Soturno;42,5
430805;Faxinalzinho;20,3
430807;Fazenda Vilanova;38,6
430810;Feliz;28,5
430820;Flores da Cunha;30,7
430825;Floriano Peixoto;9,67
430830;Fontoura Xavier;34,3
430840;Formigueiro;23,8
430843;Forquetinha;11,3
430845;Fortaleza dos Valos;37,9
430850;Frederico Westphalen;30,4
430860;Garibaldi;29,3
430865;Garruchos;22,6
430870;Gaurama;27,5
430880;General Câmara;29,9
430885;Gentil;18,9
430890;Getúlio Vargas;24
430900;Giruá;33,8
430905;Glorinha;22,2
430910;Gramado;34,6
430912;Gramado dos Loureiros;25,9
430915;Gramado Xavier;12,6
430920;Gravataí;39,8
430925;Guabiju;14
430930;Guaíba;40,5
430940;Guaporé;35,1
430950;Guarani das Missões;20,9
430955;Harmonia;24
430957;Herveiras;12,3
430960;Horizontina;21,5
430965;Hulha Negra;28,6
430970;Humaitá;36,2
430975;Ibarama;24,6
430980;Ibiaçá;25,8
430990;Ibiraiaras;25
430995;Ibirapuitã;34
431000;Ibirubá;23,9
431010;Igrejinha;32,4
431020;Ijuí;35,1
431030;Ilópolis;25,5
431033;Imbé;43,3
431036;Imigrante;29,8
431040;Independência;25,1
431041;Inhacorá;23,4
431043;Ipê;34,7
431046;Ipiranga do Sul;11,6
431050;Iraí;30,7
431053;Itaara;33,7
431055;Itacurubi;22,3
431057;Itapuca;7,82
431060;Itaqui;34,4
431065;Itati;20,3
431070;Itatiba do Sul;17,6
431075;Ivorá;34,5
431080;Ivoti;26,7
431085;Jaboticaba;18,3
431087;Jacuizinho;17,5
431090;Jacutinga;19,3
431100;Jaguarão;41,3
431110;Jaguari;24,2
431112;Jaquirana;36,2
431113;Jari;11,1
431115;Jóia;25,2
431120;Júlio de Castilhos;42,9
431123;Lagoa Bonita do Sul;22
431125;Lagoão;28,3
431127;Lagoa dos Três Cantos;27,5
431130;Lagoa Vermelha;36,3
431140;Lajeado;38,2
431142;Lajeado do Bugre;17
431150;Lavras do Sul;36,2
431160;Liberato Salzano;17,2
431162;Lindolfo Collor;29,2
431164;Linha Nova;14,3
431170;Machadinho;31,9
431171;Maçambara;18,5
431173;Mampituba;16,5
431175;Manoel Viana;26,8
431177;Maquiné;21,5
431179;Maratá;20,4
431180;Marau;36,4
431190;Marcelino Ramos;29,5
431198;Mariana Pimentel;23,1
431200;Mariano Moro;25,2
431205;Marques de Souza;22,7
431210;Mata;47,8
431213;Mato Castelhano;16,9
431215;Mato Leitão;34,3
431217;Mato Queimado;18,1
431220;Maximiliano de Almeida;22,5
431225;Minas do Leão;31,3
431230;Miraguaí;20
431235;Montauri;9,97
431237;Monte Alegre dos Campos;22,9
431238;Monte Belo do Sul;24,1
431240;Montenegro;35,7
431242;Mormaço;13,7
431244;Morrinhos do Sul;27,2
431245;Morro Redondo;22,8
431247;Morro Reuter;21,6
431250;Mostardas;32
431260;Muçum;41,8
431261;Muitos Capões;14,9
431262;Muliterno;15,4
431265;Não-Me-Toque;35
431267;Nicolau Vergueiro;13,9
431270;Nonoai;33,4
431275;Nova Alvorada;29,8
431280;Nova Araçá;14,2
431290;Nova Bassano;18,4
431295;Nova Boa Vista;21,4
431300;Nova Bréscia;15,8
431301;Nova Candelária;18,8
431303;Nova Esperança do Sul;31,7
431306;Nova Hartz;31,8
431308;Nova Pádua;12,9
431310;Nova Palma;21,2
431320;Nova Petrópolis;30,2
431330;Nova Prata;35,3
431333;Nova Ramada;17,3
431335;Nova Roma do Sul;27,9
431337;Nova Santa Rita;43,7
431339;Novo Cabrais;17,2
431340;Novo Hamburgo;39,4
431342;Novo Machado;12,1
431344;Novo Tiradentes;12,8
431346;Novo Xingu;10,3
431349;Novo Barreiro;21,2
431350;Osório;33
431360;Paim Filho;13,9
431365;Palmares do Sul;30,5
431370;Palmeira das Missões;34,8
431380;Palmitinho;27,2
431390;Panambi;29,4
431395;Pantano Grande;35,7
431400;Paraí;12,2
431402;Paraíso do Sul;22,2
431403;Pareci Novo;60,7
431405;Parobé;37,6
431406;Passa Sete;11,2
431407;Passo do Sobrado;15,8
431410;Passo Fundo;40,4
431413;Paulo Bento;20,1
431415;Paverama;27,7
431417;Pedras Altas;25,7
431420;Pedro Osório;42
431430;Pejuçara;23,7
431440;Pelotas;43,9
431442;Picada Café;25,2
431445;Pinhal;31,6
431446;Pinhal da Serra;15,2
431447;Pinhal Grande;16,1
431449;Pinheirinho do Vale;28,7
431450;Pinheiro Machado;36
431455;Pirapó;32,6
431460;Piratini;32,8
431470;Planalto;21,3
431475;Poço das Antas;20,1
431477;Pontão;13,4
431478;Ponte Preta;8,71
431480;Portão;35,5
431490;Porto Alegre;46,6
431500;Porto Lucena;18,7
431505;Porto Mauá;23,8
431507;Porto Vera Cruz;25,3
431510;Porto Xavier;35,7
431513;Pouso Novo;29,9
431514;Presidente Lucena;16,2
431515;Progresso;13,1
431517;Protásio Alves;15,6
431520;Putinga;14,9
431530;Quaraí;41
431531;Quatro Irmãos;18,7
431532;Quevedos;17,6
431535;Quinze de Novembro;17,9
431540;Redentora;30,2
431545;Relvado;12,9
431550;Restinga Seca;32,7
431555;Rio dos Índios;19,6
431560;Rio Grande;44,6
431570;Rio Pardo;37,2
431575;Riozinho;29,7
431580;Roca Sales;40,6
431590;Rodeio Bonito;20,2
431595;Rolador;27,4
431600;Rolante;32,2
431610;Ronda Alta;30,4
431620;Rondinha;14,4
431630;Roque Gonzales;25,6
431640;Rosário do Sul;34,9
431642;Sagrada Família;29,8
431643;Saldanha Marinho;47,6
431645;Salto do Jacuí;34,7
431647;Salvador das Missões;18,8
431650;Salvador do Sul;39
431660;Sananduva;21,2
431670;Santa Bárbara do Sul;28,6
431673;Santa Cecília do Sul;10,9
431675;Santa Clara do Sul;58,1
431680;Santa Cruz do Sul;33,3
431690;Santa Maria;41,1
431695;Santa Maria do Herval;26,3
431697;Santa Margarida do Sul;18,9
431700;Santana da Boa Vista;26,7
431710;Santana do Livramento;41,3
431720;Santa Rosa;32,6
431725;Santa Tereza;15,4
431730;Santa Vitória do Palmar;44,4
431740;Santiago;37,2
431750;Santo Ângelo;36,5
431755;Santo Antônio do Palma;11,4
431760;Santo Antônio da Patrulha;40
431770;Santo Antônio das Missões;40,1
431775;Santo Antônio do Planalto;22
431780;Santo Augusto;30,2
431790;Santo Cristo;21,8
431795;Santo Expedito do Sul;11,7
431800;São Borja;38,9
431805;São Domingos do Sul;14,3
431810;São Francisco de Assis;31,4
431820;São Francisco de Paula;36
431830;São Gabriel;36,6
431840;São Jerônimo;36
431842;São João da Urtiga;12
431843;São João do Polêsine;44,5
431844;São Jorge;14,7
431845;São José das Missões;22,4
431846;São José do Herval;27,4
431848;São José do Hortêncio;27,4
431849;São José do Inhacorá;15,2
431850;São José do Norte;37
431860;São José do Ouro;27,1
431861;São José do Sul;18,8
431862;São José dos Ausentes;34,8
431870;São Leopoldo;39,7
431880;São Lourenço do Sul;29,6
431890;São Luiz Gonzaga;37,4
431900;São Marcos;23,9
431910;São Martinho;25,3
431912;São Martinho da Serra;27,2
431915;São Miguel das Missões;22,5
431920;São Nicolau;38,9
431930;São Paulo das Missões;14
431935;São Pedro da Serra;41,4
431936;São Pedro das Missões;12,6
431937;São Pedro do Butiá;24,7
431940;São Pedro do Sul;37,2
431950;São Sebastião do Caí;37
431960;São Sepé;31,4
431970;São Valentim;24,2
431971;São Valentim do Sul;27,8
431973;São Valério do Sul;20,1
431975;São Vendelino;18,3
431980;São Vicente do Sul;34,8
431990;Sapiranga;39,9
432000;Sapucaia do Sul;39,4
432010;Sarandi;45,9
432020;Seberi;29,6
432023;Sede Nova;29,9
432026;Segredo;14
432030;Selbach;29,7
432032;Senador Salgado Filho;18,9
432035;Sentinela do Sul;33,9
432040;Serafina Corrêa;23,2
432045;Sério;12,2
432050;Sertão;22
432055;Sertão Santana;24,5
432057;Sete de Setembro;16,9
432060;Severiano de Almeida;18,9
432065;Silveira Martins;48,6
432067;Sinimbu;23,6
432070;Sobradinho;34,7
432080;Soledade;36,3
432085;Tabaí;28,1
432090;Tapejara;28,9
432100;Tapera;27,1
432110;Tapes;38,5
432120;Taquara;34,5
432130;Taquari;37,8
432132;Taquaruçu do Sul;15,7
432135;Tavares;26,4
432140;Tenente Portela;31,7
432143;Terra de Areia;39
432145;Teutônia;28,3
432146;Tio Hugo;27,2
432147;Tiradentes do Sul;23,6
432149;Toropi;26
432150;Torres;41,1
432160;Tramandaí;42,8
432162;Travesseiro;22,6
432163;Três Arroios;11,6
432166;Três Cachoeiras;18,6
432170;Três Coroas;33,3
432180;Três de Maio;32
432183;Três Forquilhas;35,9
432185;Três Palmeiras;31,3
432190;Três Passos;31,1
432195;Trindade do Sul;35
432200;Triunfo;35,2
432210;Tucunduva;20,8
432215;Tunas;26,7
432218;Tupanci do Sul;22,1
432220;Tupanciretã;34,3
432225;Tupandi;24
432230;Tuparendi;20,3
432232;Turuçu;31,1
432234;Ubiretama;18,4
432235;União da Serra;8,01
432237;Unistalda;24,5
432240;Uruguaiana;39
432250;Vacaria;38,9
432252;Vale Verde;30,2
432253;Vale do Sol;14,8
432254;Vale Real;21,2
432255;Vanini;10,7
432260;Venâncio Aires;29,1
432270;Vera Cruz;40,2
432280;Veranópolis;30,4
432285;Vespasiano Correa;14,5
432290;Viadutos;19
432300;Viamão;44,8
432310;Vicente Dutra;27,8
432320;Victor Graeff;21
432330;Vila Flores;17,4
432335;Vila Lângaro;27,8
432340;Vila Maria;23,1
432345;Vila Nova do Sul;37
432350;Vista Alegre;17,8
432360;Vista Alegre do Prata;29,9
432370;Vista Gaúcha;15,7
432375;Vitória das Missões;13,5
432377;Westfalia;16,1
432380;Xangri-lá;49,9
43R;Rio Grande do Sul - Rural;19,3
43U;Rio Grande do Sul - Urbano;40
