Cod. Loc.;Divisões Territoriais;2010
350010;Adamantina;29,5
350020;Adolfo;30,1
350030;Aguaí;28,4
350040;Águas da Prata;39,4
350050;Águas de Lindóia;35,1
350055;Águas de Santa Bárbara;23,9
350060;Águas de São Pedro;26,5
350070;Agudos;36,5
350075;Alambari;21,2
350080;Alfredo Marcondes;22,8
350090;Altair;18
350100;Altinópolis;24,4
350110;Alto Alegre;22,8
350115;Alumínio;24
350120;Álvares Florence;39,3
350130;Álvares Machado;34
350140;Álvaro de Carvalho;34,9
350150;Alvinlândia;28,6
350160;Americana;30,1
350170;Américo Brasiliense;30,2
350180;Américo de Campos;24,4
350190;Amparo;31,9
350200;Analândia;38,2
350210;Andradina;34,2
350220;Angatuba;30,9
350230;Anhembi;27,8
350240;Anhumas;24,2
350250;Aparecida;44,4
350260;Aparecida d'Oeste;26,7
350270;Apiaí;38,6
350275;Araçariguama;31,4
350280;Araçatuba;38,5
350290;Araçoiaba da Serra;28,6
350300;Aramina;50,6
350310;Arandu;32,5
350315;Arapeí;38,2
350320;Araraquara;38,2
350330;Araras;30,7
350335;Arco-Íris;26,3
350340;Arealva;35,9
350350;Areias;34,2
350360;Areiópolis;28,3
350370;Ariranha;26,1
350380;Artur Nogueira;32
350390;Arujá;34,9
350395;Aspásia;19,6
350400;Assis;33,8
350410;Atibaia;35,5
350420;Auriflama;34,6
350430;Avaí;43
350440;Avanhandava;32
350450;Avaré;39,7
350460;Bady Bassitt;22,2
350470;Balbinos;34,4
350480;Bálsamo;24,5
350490;Bananal;40,9
350500;Barão de Antonina;23
350510;Barbosa;32
350520;Bariri;35,8
350530;Barra Bonita;26,3
350535;Barra do Chapéu;20,4
350540;Barra do Turvo;36,7
350550;Barretos;38,5
350560;Barrinha;33,7
350570;Barueri;39,6
350580;Bastos;25,7
350590;Batatais;30
350600;Bauru;37
350610;Bebedouro;31
350620;Bento de Abreu;21,5
350630;Bernardino de Campos;26,1
350635;Bertioga;42,5
350640;Bilac;35,2
350650;Birigui;37,3
350660;Biritiba-Mirim;28,6
350670;Boa Esperança do Sul;29,9
350680;Bocaina;28,4
350690;Bofete;36,1
350700;Boituva;30,3
350710;Bom Jesus dos Perdões;32,6
350715;Bom Sucesso de Itararé;17,8
350720;Borá;41
350730;Boracéia;19,4
350740;Borborema;32,6
350745;Borebi;38,7
350750;Botucatu;35,3
350760;Bragança Paulista;35,9
350770;Braúna;26
350775;Brejo Alegre;53
350780;Brodowski;26,4
350790;Brotas;30
350800;Buri;34,2
350810;Buritama;28,4
350820;Buritizal;28,4
350830;Cabrália Paulista;28,4
350840;Cabreúva;33,6
350850;Caçapava;29,5
350860;Cachoeira Paulista;37,1
350870;Caconde;23,1
350880;Cafelândia;29,6
350890;Caiabu;28,6
350900;Caieiras;31,5
350910;Caiuá;38,5
350920;Cajamar;43,2
350925;Cajati;32,3
350930;Cajobi;26,9
350940;Cajuru;32,4
350945;Campina do Monte Alegre;24,4
350950;Campinas;37
350960;Campo Limpo Paulista;33,3
350970;Campos do Jordão;47,8
350980;Campos Novos Paulista;26,2
350990;Cananéia;42,3
350995;Canas;32,9
351000;Cândido Mota;28
351010;Cândido Rodrigues;22,7
351015;Canitar;26,5
351020;Capão Bonito;30,9
351030;Capela do Alto;31
351040;Capivari;29,1
351050;Caraguatatuba;38,4
351060;Carapicuíba;39,3
351070;Cardoso;39,9
351080;Casa Branca;29,3
351090;Cássia dos Coqueiros;35,7
351100;Castilho;32,1
351110;Catanduva;33,2
351120;Catiguá;14,7
351130;Cedral;23,9
351140;Cerqueira César;28,5
351150;Cerquilho;34,4
351160;Cesário Lange;21,1
351170;Charqueada;31,6
351190;Clementina;29,2
351200;Colina;26,9
351210;Colômbia;26,1
351220;Conchal;35,3
351230;Conchas;37,9
351240;Cordeirópolis;28,1
351250;Coroados;37,1
351260;Coronel Macedo;24,1
351270;Corumbataí;30,5
351280;Cosmópolis;31,9
351290;Cosmorama;20,3
351300;Cotia;37
351310;Cravinhos;30,3
351320;Cristais Paulista;18,8
351330;Cruzália;29,4
351340;Cruzeiro;36,7
351350;Cubatão;40,6
351360;Cunha;26,7
351370;Descalvado;27
351380;Diadema;42,4
351385;Dirce Reis;19,5
351390;Divinolândia;30,7
351400;Dobrada;22,9
351410;Dois Córregos;32,7
351420;Dolcinópolis;31,2
351430;Dourado;27,8
351440;Dracena;32,2
351450;Duartina;32,2
351460;Dumont;19,4
351470;Echaporã;30,3
351480;Eldorado;28,9
351490;Elias Fausto;39,4
351492;Elisiário;12,9
351495;Embaúba;21,1
351500;Embu;43,5
351510;Embu-Guaçu;38,6
351512;Emilianópolis;37
351515;Engenheiro Coelho;28,9
351518;Espírito Santo do Pinhal;37,6
351519;Espírito Santo do Turvo;26,8
351520;Estrela d'Oeste;36,2
351530;Estrela do Norte;29,9
351535;Euclides da Cunha Paulista;37,9
351540;Fartura;38,5
351550;Fernandópolis;34,7
351560;Fernando Prestes;23,4
351565;Fernão;18,1
351570;Ferraz de Vasconcelos;39
351580;Flora Rica;40,1
351590;Floreal;24
351600;Flórida Paulista;29,8
351610;Florínia;41,2
351620;Franca;33,7
351630;Francisco Morato;40,4
351640;Franco da Rocha;41,1
351650;Gabriel Monteiro;23,5
351660;Gália;25,6
351670;Garça;34,3
351680;Gastão Vidigal;19,5
351685;Gavião Peixoto;28,6
351690;General Salgado;30,3
351700;Getulina;28,1
351710;Glicério;29,3
351720;Guaiçara;33
351730;Guaimbê;35,8
351740;Guaíra;29,6
351750;Guapiaçu;42,6
351760;Guapiara;24,9
351770;Guará;35,3
351780;Guaraçaí;21,3
351790;Guaraci;32,5
351800;Guarani d'Oeste;38,3
351810;Guarantã;33,2
351820;Guararapes;34,1
351830;Guararema;31,8
351840;Guaratinguetá;35,1
351850;Guareí;17,2
351860;Guariba;31,5
351870;Guarujá;41,6
351880;Guarulhos;38,7
351885;Guatapará;26,4
351890;Guzolândia;30,6
351900;Herculândia;27,2
351905;Holambra;24,3
351907;Hortolândia;33,2
351910;Iacanga;31,5
351920;Iacri;23,4
351925;Iaras;36,1
351930;Ibaté;32,5
351940;Ibirá;26,9
351950;Ibirarema;24,2
351960;Ibitinga;36,9
351970;Ibiúna;28,9
351980;Icém;26,2
351990;Iepê;29,6
352000;Igaraçu do Tietê;32,1
352010;Igarapava;30,4
352020;Igaratá;29,8
352030;Iguape;36,3
352040;Ilhabela;35,4
352042;Ilha Comprida;34,6
352044;Ilha Solteira;28,1
352050;Indaiatuba;33,9
352060;Indiana;37,6
352070;Indiaporã;31,6
352080;Inúbia Paulista;35,7
352090;Ipaussu;28
352100;Iperó;30,7
352110;Ipeúna;28
352115;Ipiguá;17,9
352120;Iporanga;35
352130;Ipuã;30,3
352140;Iracemápolis;27,9
352150;Irapuã;26,9
352160;Irapuru;27,3
352170;Itaberá;31,3
352180;Itaí;29,5
352190;Itajobi;28
352200;Itaju;14,7
352210;Itanhaém;43,4
352215;Itaóca;27,2
352220;Itapecerica da Serra;38,4
352230;Itapetininga;34,1
352240;Itapeva;32,7
352250;Itapevi;40,9
352260;Itapira;36
352265;Itapirapuã Paulista;29,5
352270;Itápolis;33,6
352280;Itaporanga;35,9
352290;Itapuí;24,8
352300;Itapura;41,7
352310;Itaquaquecetuba;37,9
352320;Itararé;38,3
352330;Itariri;36,7
352340;Itatiba;35,2
352350;Itatinga;27,8
352360;Itirapina;28,3
352370;Itirapuã;24,3
352380;Itobi;23,3
352390;Itu;34,7
352400;Itupeva;33,7
352410;Ituverava;31,7
352420;Jaborandi;28,5
352430;Jaboticabal;30,7
352440;Jacareí;35,2
352450;Jaci;36,5
352460;Jacupiranga;22,7
352470;Jaguariúna;39,6
352480;Jales;33,2
352490;Jambeiro;30,6
352500;Jandira;35,1
352510;Jardinópolis;29,6
352520;Jarinu;26,9
352530;Jaú;33,4
352540;Jeriquara;34,9
352550;Joanópolis;35,6
352560;João Ramalho;38,5
352570;José Bonifácio;28,6
352580;Júlio Mesquita;42,6
352585;Jumirim;24
352590;Jundiaí;33,7
352600;Junqueirópolis;29,4
352610;Juquiá;42,8
352620;Juquitiba;35,2
352630;Lagoinha;27,4
352640;Laranjal Paulista;30,9
352650;Lavínia;27,1
352660;Lavrinhas;35,9
352670;Leme;30,5
352680;Lençóis Paulista;29,6
352690;Limeira;33,9
352700;Lindóia;40,9
352710;Lins;36,4
352720;Lorena;35,3
352725;Lourdes;26,8
352730;Louveira;23,6
352740;Lucélia;31
352750;Lucianópolis;32,9
352760;Luís Antônio;28,8
352770;Luiziânia;32,8
352780;Lupércio;40,9
352790;Lutécia;30
352800;Macatuba;29,2
352810;Macaubal;16,3
352820;Macedônia;41,8
352830;Magda;17,8
352840;Mairinque;32,8
352850;Mairiporã;27,7
352860;Manduri;25,4
352870;Marabá Paulista;27
352880;Maracaí;24,8
352885;Marapoama;46
352890;Mariápolis;22,8
352900;Marília;35,3
352910;Marinópolis;34,1
352920;Martinópolis;31
352930;Matão;32,4
352940;Mauá;35,9
352950;Mendonça;22
352960;Meridiano;26,4
352965;Mesópolis;35,5
352970;Miguelópolis;30,6
352980;Mineiros do Tietê;32,3
352990;Miracatu;32,8
353000;Mira Estrela;28,8
353010;Mirandópolis;26,8
353020;Mirante do Paranapanema;26,7
353030;Mirassol;31,2
353040;Mirassolândia;17,7
353050;Mococa;27,4
353060;Mogi das Cruzes;35,2
353070;Mogi Guaçu;32,3
353080;Moji Mirim;32,3
353090;Mombuca;28,1
353100;Monções;25,4
353110;Mongaguá;40,1
353120;Monte Alegre do Sul;26,8
353130;Monte Alto;27,9
353140;Monte Aprazível;22,9
353150;Monte Azul Paulista;41,7
353160;Monte Castelo;25,2
353170;Monteiro Lobato;46,8
353180;Monte Mor;29,6
353190;Morro Agudo;19,4
353200;Morungaba;29,5
353205;Motuca;41,6
353210;Murutinga do Sul;28,3
353215;Nantes;33
353220;Narandiba;27,3
353230;Natividade da Serra;25,6
353240;Nazaré Paulista;31,1
353250;Neves Paulista;22,7
353260;Nhandeara;20,3
353270;Nipoã;20,8
353280;Nova Aliança;26,4
353282;Nova Campina;43,4
353284;Nova Canaã Paulista;26,7
353286;Nova Castilho;18,1
353290;Nova Europa;39,3
353300;Nova Granada;25
353310;Nova Guataporanga;42,7
353320;Nova Independência;24
353325;Novais;39,2
353330;Nova Luzitânia;28
353340;Nova Odessa;27,7
353350;Novo Horizonte;24
353360;Nuporanga;31,6
353370;Ocauçu;43,4
353380;Óleo;39,9
353390;Olímpia;30,6
353400;Onda Verde;19,5
353410;Oriente;25,4
353420;Orindiúva;27,2
353430;Orlândia;27
353440;Osasco;39,4
353450;Oscar Bressane;26,4
353460;Osvaldo Cruz;26,8
353470;Ourinhos;32,5
353475;Ouroeste;33,6
353480;Ouro Verde;40,4
353490;Pacaembu;28,9
353500;Palestina;22,2
353510;Palmares Paulista;22,8
353520;Palmeira d'Oeste;23,4
353530;Palmital;25,9
353540;Panorama;38,1
353550;Paraguaçu Paulista;35,9
353560;Paraibuna;30,7
353570;Paraíso;26,5
353580;Paranapanema;36,5
353590;Paranapuã;17,8
353600;Parapuã;29,7
353610;Pardinho;34,1
353620;Pariquera-Açu;33
353625;Parisi;16,9
353630;Patrocínio Paulista;34,8
353640;Paulicéia;32,7
353650;Paulínia;30,2
353657;Paulistânia;29,3
353660;Paulo de Faria;37,4
353670;Pederneiras;26,9
353680;Pedra Bela;22,8
353690;Pedranópolis;17,6
353700;Pedregulho;28,3
353710;Pedreira;30,7
353715;Pedrinhas Paulista;17,9
353720;Pedro de Toledo;32,7
353730;Penápolis;35,5
353740;Pereira Barreto;29,2
353750;Pereiras;34,9
353760;Peruíbe;41,4
353770;Piacatu;37,6
353780;Piedade;34,1
353790;Pilar do Sul;22,7
353800;Pindamonhangaba;31,9
353810;Pindorama;29
353820;Pinhalzinho;29,4
353830;Piquerobi;25,3
353850;Piquete;37
353860;Piracaia;33,1
353870;Piracicaba;33,5
353880;Piraju;34,3
353890;Pirajuí;34,3
353900;Pirangi;29,3
353910;Pirapora do Bom Jesus;41,8
353920;Pirapozinho;30,6
353930;Pirassununga;34,7
353940;Piratininga;40,7
353950;Pitangueiras;32,5
353960;Planalto;25
353970;Platina;29
353980;Poá;36,1
353990;Poloni;20,8
354000;Pompéia;33,4
354010;Pongaí;21
354020;Pontal;28,2
354025;Pontalinda;23,8
354030;Pontes Gestal;42,2
354040;Populina;25,5
354050;Porangaba;21,3
354060;Porto Feliz;31,1
354070;Porto Ferreira;28,9
354075;Potim;40,9
354080;Potirendaba;35,1
354085;Pracinha;25,7
354090;Pradópolis;19,6
354100;Praia Grande;41,5
354105;Pratânia;25,8
354110;Presidente Alves;24,3
354120;Presidente Bernardes;30,6
354130;Presidente Epitácio;37,7
354140;Presidente Prudente;36
354150;Presidente Venceslau;33,3
354160;Promissão;31
354165;Quadra;10,5
354170;Quatá;22,9
354180;Queiroz;29
354190;Queluz;31,8
354200;Quintana;30,1
354210;Rafard;29,6
354220;Rancharia;33,3
354230;Redenção da Serra;31,9
354240;Regente Feijó;38,8
354250;Reginópolis;25,6
354260;Registro;33,7
354270;Restinga;35,4
354280;Ribeira;28,4
354290;Ribeirão Bonito;26,2
354300;Ribeirão Branco;26,7
354310;Ribeirão Corrente;28,8
354320;Ribeirão do Sul;23,6
354323;Ribeirão dos Índios;27,4
354325;Ribeirão Grande;18,4
354330;Ribeirão Pires;35,7
354340;Ribeirão Preto;37,6
354350;Riversul;31,1
354360;Rifaina;29,5
354370;Rincão;31,5
354380;Rinópolis;25,7
354390;Rio Claro;35,8
354400;Rio das Pedras;22,5
354410;Rio Grande da Serra;30,5
354420;Riolândia;26,8
354425;Rosana;30,9
354430;Roseira;37,8
354440;Rubiácea;24,4
354450;Rubinéia;24,5
354460;Sabino;28,4
354470;Sagres;26,3
354480;Sales;35,1
354490;Sales Oliveira;18,5
354500;Salesópolis;34,9
354510;Salmourão;44,6
354515;Saltinho;17,4
354520;Salto;34,9
354530;Salto de Pirapora;29,5
354540;Salto Grande;32,7
354550;Sandovalina;30,3
354560;Santa Adélia;25,9
354570;Santa Albertina;24,3
354580;Santa Bárbara d'Oeste;29,7
354600;Santa Branca;27,2
354610;Santa Clara d'Oeste;28,9
354620;Santa Cruz da Conceição;17,7
354625;Santa Cruz da Esperança;18,3
354630;Santa Cruz das Palmeiras;28,4
354640;Santa Cruz do Rio Pardo;29,9
354650;Santa Ernestina;16,8
354660;Santa Fé do Sul;28,2
354670;Santa Gertrudes;33,8
354680;Santa Isabel;38,1
354690;Santa Lúcia;28
354700;Santa Maria da Serra;29
354710;Santa Mercedes;36,7
354720;Santana da Ponte Pensa;16,6
354730;Santana de Parnaíba;37
354740;Santa Rita d'Oeste;18,3
354750;Santa Rita do Passa Quatro;31,4
354760;Santa Rosa de Viterbo;23,9
354765;Santa Salete;14,8
354770;Santo Anastácio;33,8
354780;Santo André;36,9
354790;Santo Antônio da Alegria;26,4
354800;Santo Antônio de Posse;34,2
354805;Santo Antônio do Aracanguá;27,5
354810;Santo Antônio do Jardim;18,7
354820;Santo Antônio do Pinhal;36,5
354830;Santo Expedito;31,2
354840;Santópolis do Aguapeí;44,3
354850;Santos;43
354860;São Bento do Sapucaí;29,3
354870;São Bernardo do Campo;36,5
354880;São Caetano do Sul;40,1
354890;São Carlos;32,6
354900;São Francisco;20,6
354910;São João da Boa Vista;32,5
354920;São João das Duas Pontes;25,3
354925;São João de Iracema;34,9
354930;São João do Pau d'Alho;33,4
354940;São Joaquim da Barra;28,1
354950;São José da Bela Vista;31,6
354960;São José do Barreiro;35,4
354970;São José do Rio Pardo;30
354980;São José do Rio Preto;35,7
354990;São José dos Campos;32,7
354995;São Lourenço da Serra;33,5
355000;São Luís do Paraitinga;32,6
355010;São Manuel;31
355020;São Miguel Arcanjo;23,8
355030;São Paulo;41,7
355040;São Pedro;29,3
355050;São Pedro do Turvo;19,8
355060;São Roque;33,3
355070;São Sebastião;42,3
355080;São Sebastião da Grama;20,2
355090;São Simão;33
355100;São Vicente;42,4
355110;Sarapuí;25,3
355120;Sarutaiá;44,2
355130;Sebastianópolis do Sul;19,6
355140;Serra Azul;34,1
355150;Serrana;34,1
355160;Serra Negra;29,7
355170;Sertãozinho;28,8
355180;Sete Barras;28,1
355190;Severínia;27,2
355200;Silveiras;27,5
355210;Socorro;29,5
355220;Sorocaba;35
355230;Sud Mennucci;29,1
355240;Sumaré;34,2
355250;Suzano;36
355255;Suzanápolis;38
355260;Tabapuã;28,7
355270;Tabatinga;31,7
355280;Taboão da Serra;41,5
355290;Taciba;29,1
355300;Taguaí;33,4
355310;Taiaçu;22,9
355320;Taiúva;22,7
355330;Tambaú;31,5
355340;Tanabi;24,1
355350;Tapiraí;25,1
355360;Tapiratiba;24,4
355365;Taquaral;26,1
355370;Taquaritinga;28,3
355380;Taquarituba;36,2
355385;Taquarivaí;26,6
355390;Tarabai;32,6
355395;Tarumã;28,9
355400;Tatuí;30,9
355410;Taubaté;36,6
355420;Tejupá;21,4
355430;Teodoro Sampaio;29
355440;Terra Roxa;24,3
355450;Tietê;35,5
355460;Timburi;27,9
355465;Torre de Pedra;22,4
355470;Torrinha;30,2
355475;Trabiju;37,2
355480;Tremembé;34
355490;Três Fronteiras;20,1
355495;Tuiuti;37,1
355500;Tupã;37
355510;Tupi Paulista;29,9
355520;Turiúba;25,4
355530;Turmalina;14,6
355535;Ubarana;38,9
355540;Ubatuba;41,4
355550;Ubirajara;31,2
355560;Uchoa;22,2
355570;União Paulista;30,5
355580;Urânia;27
355590;Uru;21,9
355600;Urupês;21,7
355610;Valentim Gentil;28,8
355620;Valinhos;29,9
355630;Valparaíso;30,7
355635;Vargem;21,1
355640;Vargem Grande do Sul;30,5
355645;Vargem Grande Paulista;32,4
355650;Várzea Paulista;35,9
355660;Vera Cruz;29,5
355670;Vinhedo;31,8
355680;Viradouro;22
355690;Vista Alegre do Alto;13,7
355695;Vitória Brasil;21,7
355700;Votorantim;34,5
355710;Votuporanga;28
355715;Zacarias;37,8
355720;Chavantes;23,4
355730;Estiva Gerbi;25,7
35R;São Paulo - Rural;21,6
35U;São Paulo - Urbano;37,4
